0, 588.814, 333.097
1, 588.814, 333.097
1, 590.3353, 333.097
1, 591.85657, 333.097
1, 593.3778, 333.097
1, 594.89905, 333.097
1, 596.4203, 333.097
1, 597.9415, 333.097
1, 597.942, 334.09937
1, 597.942, 335.60294
1, 597.942, 337.1065
1, 597.942, 338.61008
1, 597.942, 340.11365
1, 597.942, 341.61722
1, 596.92786, 341.61697
1, 595.4066, 341.61697
1, 594.39246, 341.61697
1, 592.8712, 341.61697
1, 591.35, 341.61697
1, 589.82874, 341.61697
1, 588.814, 341.61697
1, 588.814, 340.1134
1, 588.814, 338.60983
1, 588.814, 337.10626
1, 588.814, 335.6027
1, 588.814, 334.09912
1, 588.814, 333.097
0, 588.814, 333.342
1, 588.814, 333.342
1, 590.3353, 333.342
1, 591.85657, 333.342
1, 593.3778, 333.342
1, 594.89905, 333.342
1, 596.4203, 333.342
1, 597.9415, 333.342
1, 597.942, 333.342
0, 588.814, 335.307
1, 588.814, 335.307
1, 590.3353, 335.307
1, 591.85657, 335.307
1, 593.3778, 335.307
1, 594.89905, 335.307
1, 596.4203, 335.307
1, 597.9415, 335.307
1, 597.942, 335.307
0, 588.814, 337.272
1, 588.814, 337.272
1, 590.3353, 337.272
1, 591.85657, 337.272
1, 593.3778, 337.272
1, 594.89905, 337.272
1, 596.4203, 337.272
1, 597.9415, 337.272
1, 597.942, 337.272
0, 588.814, 339.237
1, 588.814, 339.237
1, 590.3353, 339.237
1, 591.85657, 339.237
1, 593.3778, 339.237
1, 594.89905, 339.237
1, 596.4203, 339.237
1, 597.9415, 339.237
1, 597.942, 339.237
0, 588.814, 341.202
1, 588.814, 341.202
1, 590.3353, 341.202
1, 591.85657, 341.202
1, 593.3778, 341.202
1, 594.89905, 341.202
1, 596.4203, 341.202
1, 597.9415, 341.202
1, 597.942, 341.202
0, 588.814, 335.81
1, 588.814, 335.81
1, 589.59656, 334.45346
1, 590.37915, 333.09692
1, 590.379, 333.097
0, 588.814, 339.739
1, 588.814, 339.739
1, 589.5809, 338.4104
1, 590.3477, 337.0818
1, 591.11456, 335.75317
1, 591.8814, 334.42456
1, 592.64825, 333.09595
1, 592.648, 333.096
0, 589.999, 341.617
1, 589.999, 341.617
1, 590.77576, 340.27173
1, 591.5525, 338.92645
1, 592.3292, 337.58118
1, 593.10596, 336.2359
1, 593.8827, 334.89062
1, 594.6594, 333.54535
1, 594.918, 333.09702
0, 592.269, 341.617
1, 592.269, 341.617
1, 593.04553, 340.27173
1, 593.8221, 338.92645
1, 594.59863, 337.58118
1, 595.3752, 336.2359
1, 596.15173, 334.89062
1, 596.9283, 333.54535
1, 597.187, 333.09702
0, 594.537, 341.617
1, 594.537, 341.617
1, 595.3227, 340.2559
1, 596.1084, 338.89478
1, 596.8941, 337.53366
1, 597.6798, 336.17255
1, 597.942, 335.719
0, 596.806, 341.617
1, 596.806, 341.617
1, 597.65875, 340.141
1, 597.94305, 339.64902
0, 590.479, 341.617
1, 590.479, 341.617
1, 589.647, 340.1765
1, 588.81494, 338.73602
1, 588.815, 338.736
0, 592.747, 341.617
1, 592.747, 341.617
1, 591.9604, 340.2546
1, 591.17377, 338.8922
1, 590.38715, 337.52982
1, 589.6005, 336.16742
1, 588.8139, 334.80502
1, 588.814, 334.805
0, 595.016, 341.617
1, 595.016, 341.617
1, 594.23944, 340.27173
1, 593.4629, 338.92645
1, 592.68634, 337.58118
1, 591.9098, 336.2359
1, 591.13324, 334.89062
1, 590.3567, 333.54535
1, 590.09796, 333.09702
0, 597.285, 341.617
1, 597.285, 341.617
1, 596.50824, 340.27173
1, 595.7315, 338.92645
1, 594.9548, 337.58118
1, 594.17804, 336.2359
1, 593.4013, 334.89062
1, 592.6246, 333.54535
1, 592.36597, 333.09702
0, 597.942, 338.826
1, 597.942, 338.826
1, 597.17883, 337.50388
1, 596.41565, 336.18176
1, 595.65247, 334.85965
1, 594.8893, 333.53754
1, 594.635, 333.097
0, 597.942, 334.896
1, 597.942, 334.896
1, 597.16345, 333.5467
1, 596.904, 333.097
0, 588.814, 345.571
1, 588.814, 345.571
1, 590.3353, 345.571
1, 591.85657, 345.571
1, 593.3778, 345.571
1, 594.89905, 345.571
1, 596.4203, 345.571
1, 597.9415, 345.571
1, 597.942, 346.5764
1, 597.942, 348.08444
1, 597.942, 349.5925
1, 597.942, 351.10056
1, 597.942, 352.6086
1, 597.942, 354.11667
1, 597.942, 355.62473
1, 597.942, 357.13278
1, 597.942, 358.13815
1, 597.942, 359.6462
1, 597.942, 361.15427
1, 597.942, 362.66232
1, 597.942, 364.17038
1, 597.942, 365.67844
1, 597.942, 367.1865
1, 597.942, 368.69455
1, 597.942, 370.2026
1, 597.942, 371.71066
1, 597.942, 373.21872
1, 597.942, 374.72678
1, 597.942, 376.23483
1, 597.942, 377.7429
1, 597.942, 379.25095
1, 597.942, 380.25702
1, 596.4208, 380.25702
1, 594.89954, 380.25702
1, 593.8854, 380.25702
1, 592.36414, 380.25702
1, 590.8429, 380.25702
1, 589.32166, 380.25702
1, 588.814, 379.75433
1, 588.814, 378.24628
1, 588.814, 376.73822
1, 588.814, 375.23016
1, 588.814, 373.7221
1, 588.814, 372.21405
1, 588.814, 370.706
1, 588.814, 369.19794
1, 588.814, 367.68988
1, 588.814, 366.18182
1, 588.814, 364.67377
1, 588.814, 363.6684
1, 588.814, 362.16034
1, 588.814, 360.65228
1, 588.814, 359.14423
1, 588.814, 357.63617
1, 588.814, 356.1281
1, 588.814, 354.62006
1, 588.814, 353.112
1, 588.814, 351.60394
1, 588.814, 350.0959
1, 588.814, 348.58783
1, 588.814, 347.07977
1, 588.814, 345.57172
1, 588.814, 345.571
0, 588.814, 347.098
1, 588.814, 347.098
1, 590.3353, 347.098
1, 591.85657, 347.098
1, 593.3778, 347.098
1, 594.89905, 347.098
1, 596.4203, 347.098
1, 597.9415, 347.098
1, 597.942, 347.098
0, 588.814, 349.062
1, 588.814, 349.062
1, 590.3353, 349.062
1, 591.85657, 349.062
1, 593.3778, 349.062
1, 594.89905, 349.062
1, 596.4203, 349.062
1, 597.9415, 349.062
1, 597.942, 349.062
0, 588.814, 351.027
1, 588.814, 351.027
1, 590.3353, 351.027
1, 591.85657, 351.027
1, 593.3778, 351.027
1, 594.89905, 351.027
1, 596.4203, 351.027
1, 597.9415, 351.027
1, 597.942, 351.027
0, 588.814, 352.993
1, 588.814, 352.993
1, 590.3353, 352.993
1, 591.85657, 352.993
1, 593.3778, 352.993
1, 594.89905, 352.993
1, 596.4203, 352.993
1, 597.9415, 352.993
1, 597.942, 352.993
0, 588.814, 354.958
1, 588.814, 354.958
1, 590.3353, 354.958
1, 591.85657, 354.958
1, 593.3778, 354.958
1, 594.89905, 354.958
1, 596.4203, 354.958
1, 597.9415, 354.958
1, 597.942, 354.958
0, 588.814, 356.922
1, 588.814, 356.922
1, 590.3353, 356.922
1, 591.85657, 356.922
1, 593.3778, 356.922
1, 594.89905, 356.922
1, 596.4203, 356.922
1, 597.9415, 356.922
1, 597.942, 356.922
0, 588.814, 358.888
1, 588.814, 358.888
1, 590.3353, 358.888
1, 591.85657, 358.888
1, 593.3778, 358.888
1, 594.89905, 358.888
1, 596.4203, 358.888
1, 597.9415, 358.888
1, 597.942, 358.888
0, 588.814, 360.853
1, 588.814, 360.853
1, 590.3353, 360.853
1, 591.85657, 360.853
1, 593.3778, 360.853
1, 594.89905, 360.853
1, 596.4203, 360.853
1, 597.9415, 360.853
1, 597.942, 360.853
0, 588.814, 362.817
1, 588.814, 362.817
1, 590.3353, 362.817
1, 591.85657, 362.817
1, 593.3778, 362.817
1, 594.89905, 362.817
1, 596.4203, 362.817
1, 597.9415, 362.817
1, 597.942, 362.817
0, 588.814, 364.783
1, 588.814, 364.783
1, 590.3353, 364.783
1, 591.85657, 364.783
1, 593.3778, 364.783
1, 594.89905, 364.783
1, 596.4203, 364.783
1, 597.9415, 364.783
1, 597.942, 364.783
0, 588.814, 366.748
1, 588.814, 366.748
1, 590.3353, 366.748
1, 591.85657, 366.748
1, 593.3778, 366.748
1, 594.89905, 366.748
1, 596.4203, 366.748
1, 597.9415, 366.748
1, 597.942, 366.748
0, 588.814, 368.712
1, 588.814, 368.712
1, 590.3353, 368.712
1, 591.85657, 368.712
1, 593.3778, 368.712
1, 594.89905, 368.712
1, 596.4203, 368.712
1, 597.9415, 368.712
1, 597.942, 368.712
0, 588.814, 370.678
1, 588.814, 370.678
1, 590.3353, 370.678
1, 591.85657, 370.678
1, 593.3778, 370.678
1, 594.89905, 370.678
1, 596.4203, 370.678
1, 597.9415, 370.678
1, 597.942, 370.678
0, 588.814, 372.643
1, 588.814, 372.643
1, 590.3353, 372.643
1, 591.85657, 372.643
1, 593.3778, 372.643
1, 594.89905, 372.643
1, 596.4203, 372.643
1, 597.9415, 372.643
1, 597.942, 372.643
0, 588.814, 374.607
1, 588.814, 374.607
1, 590.3353, 374.607
1, 591.85657, 374.607
1, 593.3778, 374.607
1, 594.89905, 374.607
1, 596.4203, 374.607
1, 597.9415, 374.607
1, 597.942, 374.607
0, 588.814, 376.572
1, 588.814, 376.572
1, 590.3353, 376.572
1, 591.85657, 376.572
1, 593.3778, 376.572
1, 594.89905, 376.572
1, 596.4203, 376.572
1, 597.9415, 376.572
1, 597.942, 376.572
0, 588.814, 378.538
1, 588.814, 378.538
1, 590.3353, 378.538
1, 591.85657, 378.538
1, 593.3778, 378.538
1, 594.89905, 378.538
1, 596.4203, 378.538
1, 597.9415, 378.538
1, 597.942, 378.538
0, 588.814, 347.6
1, 588.814, 347.6
1, 589.69073, 346.07898
1, 589.98303, 345.572
0, 588.814, 351.529
1, 588.814, 351.529
1, 589.6074, 350.15405
1, 590.4008, 348.7791
1, 591.1942, 347.40417
1, 591.9876, 346.02924
1, 592.252, 345.57098
0, 588.814, 355.459
1, 588.814, 355.459
1, 589.5922, 354.11063
1, 590.3704, 352.76224
1, 591.1486, 351.41385
1, 591.9268, 350.06546
1, 592.705, 348.71707
1, 593.4832, 347.36868
1, 594.002, 346.46976
1, 594.521, 345.571
0, 588.814, 359.39
1, 588.814, 359.39
1, 589.5862, 358.0528
1, 590.35834, 356.71558
1, 591.1305, 355.37836
1, 591.90265, 354.04114
1, 592.6748, 352.70392
1, 593.44696, 351.3667
1, 594.2191, 350.02948
1, 594.9913, 348.69226
1, 595.50604, 347.80078
1, 596.2782, 346.46356
1, 596.79205, 345.57202
0, 588.814, 363.319
1, 588.814, 363.319
1, 589.57465, 362.00137
1, 590.33527, 360.68375
1, 591.0959, 359.36612
1, 591.8565, 358.0485
1, 592.6171, 356.73087
1, 593.37775, 355.41324
1, 594.13837, 354.0956
1, 594.899, 352.77798
1, 595.6596, 351.46036
1, 596.4202, 350.14273
1, 597.18085, 348.8251
1, 597.94147, 347.50748
1, 597.942, 347.508
0, 588.814, 367.25
1, 588.814, 367.25
1, 589.57465, 365.93237
1, 590.33527, 364.61475
1, 591.0959, 363.29712
1, 591.8565, 361.9795
1, 592.6171, 360.66187
1, 593.37775, 359.34424
1, 594.13837, 358.0266
1, 594.899, 356.70898
1, 595.6596, 355.39136
1, 596.4202, 354.07373
1, 597.18085, 352.7561
1, 597.94147, 351.43848
1, 597.942, 351.439
0, 588.814, 371.18
1, 588.814, 371.18
1, 589.57465, 369.86237
1, 590.33527, 368.54474
1, 591.0959, 367.2271
1, 591.8565, 365.9095
1, 592.6171, 364.59186
1, 593.37775, 363.27423
1, 594.13837, 361.9566
1, 594.899, 360.63898
1, 595.6596, 359.32135
1, 596.4202, 358.00372
1, 597.18085, 356.6861
1, 597.94147, 355.36847
1, 597.942, 355.369
0, 588.814, 375.11
1, 588.814, 375.11
1, 589.57465, 373.79236
1, 590.33527, 372.47473
1, 591.0959, 371.1571
1, 591.8565, 369.83948
1, 592.6171, 368.52185
1, 593.37775, 367.20422
1, 594.13837, 365.8866
1, 594.899, 364.56897
1, 595.6596, 363.25134
1, 596.4202, 361.93372
1, 597.18085, 360.6161
1, 597.94147, 359.29846
1, 597.942, 359.29898
0, 588.814, 379.04
1, 588.814, 379.04
1, 589.57465, 377.72238
1, 590.33527, 376.40475
1, 591.0959, 375.08713
1, 591.8565, 373.7695
1, 592.6171, 372.45187
1, 593.37775, 371.13425
1, 594.13837, 369.81662
1, 594.899, 368.499
1, 595.6596, 367.18137
1, 596.4202, 365.86374
1, 597.18085, 364.5461
1, 597.94147, 363.2285
1, 597.942, 363.229
0, 590.38, 380.257
1, 590.38, 380.257
1, 591.1362, 378.94714
1, 591.89246, 377.6373
1, 592.6487, 376.32745
1, 593.4049, 375.0176
1, 594.16113, 373.70776
1, 594.91736, 372.39792
1, 595.6736, 371.08807
1, 596.4298, 369.77823
1, 597.18604, 368.46838
1, 597.94226, 367.15854
1, 597.942, 367.159
0, 592.648, 380.257
1, 592.648, 380.257
1, 593.40424, 378.94724
1, 594.16046, 377.63748
1, 594.9167, 376.32773
1, 595.6729, 375.01797
1, 596.42914, 373.70822
1, 597.18536, 372.39847
1, 597.9416, 371.0887
1, 597.942, 371.089
0, 594.918, 380.257
1, 594.918, 380.257
1, 595.6741, 378.9475
1, 596.4301, 377.63803
1, 597.18616, 376.32855
1, 597.9422, 375.01907
1, 597.942, 375.01898
0, 597.187, 380.257
1, 597.187, 380.257
1, 597.9429, 378.949
1, 597.943, 378.94897
0, 590.098, 380.257
1, 590.098, 380.257
1, 589.32825, 378.92435
1, 588.815, 378.03598
0, 592.366, 380.257
1, 592.366, 380.257
1, 591.60486, 378.9389
1, 590.8437, 377.62082
1, 590.0825, 376.30273
1, 589.32135, 374.98465
1, 588.814, 374.106
0, 594.636, 380.257
1, 594.636, 380.257
1, 593.87665, 378.9421
1, 593.1173, 377.62723
1, 592.358, 376.31235
1, 591.59863, 374.99747
1, 590.8393, 373.6826
1, 590.07996, 372.3677
1, 589.3206, 371.05283
1, 588.815, 370.176
0, 596.904, 380.257
1, 596.904, 380.257
1, 596.14557, 378.94348
1, 595.38715, 377.62997
1, 594.6287, 376.31647
1, 593.8703, 375.00296
1, 593.1119, 373.68945
1, 592.35345, 372.37595
1, 591.59503, 371.06244
1, 590.8366, 369.74893
1, 590.0782, 368.43542
1, 589.31976, 367.12192
1, 588.81396, 366.246
0, 597.942, 378.126
1, 597.942, 378.126
1, 597.1814, 376.80838
1, 596.4208, 375.49075
1, 595.66016, 374.17313
1, 594.89954, 372.8555
1, 594.1389, 371.53787
1, 593.3783, 370.22025
1, 592.6177, 368.90262
1, 591.85706, 367.585
1, 591.09644, 366.26736
1, 590.3358, 364.94974
1, 589.5752, 363.6321
1, 588.8146, 362.31448
1, 588.814, 362.315
0, 597.942, 374.196
1, 597.942, 374.196
1, 597.1814, 372.8784
1, 596.4208, 371.56076
1, 595.66016, 370.24313
1, 594.89954, 368.9255
1, 594.1389, 367.60788
1, 593.3783, 366.29025
1, 592.6177, 364.97263
1, 591.85706, 363.655
1, 591.09644, 362.33737
1, 590.3358, 361.01974
1, 589.5752, 359.70212
1, 588.8146, 358.3845
1, 588.814, 358.385
0, 597.942, 370.266
1, 597.942, 370.266
1, 597.1814, 368.94836
1, 596.4208, 367.63074
1, 595.66016, 366.3131
1, 594.89954, 364.99548
1, 594.1389, 363.67786
1, 593.3783, 362.36023
1, 592.6177, 361.0426
1, 591.85706, 359.72498
1, 591.09644, 358.40735
1, 590.3358, 357.08972
1, 589.5752, 355.7721
1, 588.8146, 354.45447
1, 588.814, 354.455
0, 597.942, 366.336
1, 597.942, 366.336
1, 597.1814, 365.01837
1, 596.4208, 363.70074
1, 595.66016, 362.38312
1, 594.89954, 361.0655
1, 594.1389, 359.74786
1, 593.3783, 358.43024
1, 592.6177, 357.1126
1, 591.85706, 355.79498
1, 591.09644, 354.47736
1, 590.3358, 353.15973
1, 589.5752, 351.8421
1, 588.8146, 350.52448
1, 588.814, 350.525
0, 597.942, 362.406
1, 597.942, 362.406
1, 597.1814, 361.08838
1, 596.4208, 359.77075
1, 595.66016, 358.45312
1, 594.89954, 357.1355
1, 594.1389, 355.81787
1, 593.3783, 354.50024
1, 592.6177, 353.18262
1, 591.85706, 351.865
1, 591.09644, 350.54736
1, 590.3358, 349.22974
1, 589.5752, 347.9121
1, 588.8146, 346.59448
1, 588.814, 346.595
0, 597.942, 358.476
1, 597.942, 358.476
1, 597.1713, 357.141
1, 596.40063, 355.80597
1, 595.62994, 354.47095
1, 594.85925, 353.13593
1, 594.08856, 351.8009
1, 593.3179, 350.46588
1, 592.5472, 349.13086
1, 591.7765, 347.79584
1, 591.2627, 346.90582
1, 590.492, 345.5708
1, 590.492, 345.571
0, 597.942, 354.546
1, 597.942, 354.546
1, 597.16473, 353.1997
1, 596.38745, 351.85342
1, 595.61017, 350.50714
1, 594.8329, 349.16086
1, 594.0556, 347.81458
1, 593.2783, 346.4683
1, 592.76013, 345.57077
1, 592.76, 345.57098
0, 597.942, 350.616
1, 597.942, 350.616
1, 597.1479, 349.24005
1, 596.35376, 347.8641
1, 595.55963, 346.48816
1, 595.03, 345.57098
0, 597.942, 346.686
1, 597.942, 346.686
1, 597.29803, 345.571
0, 626.395, 376.017
1, 626.395, 376.017
1, 626.483, 377.204
1, 626.6982, 378.377
1, 627.08386, 379.57202
1, 627.9366, 380.25702
1, 629.5164, 380.25702
1, 631.09625, 380.25702
1, 632.6761, 380.25702
1, 634.2559, 380.25702
1, 635.30914, 380.25702
1, 636.889, 380.25702
1, 636.889, 379.102
1, 636.6479, 378.57703
1, 635.8041, 377.752
1, 635.32794, 376.6568
1, 635.13446, 375.49658
1, 635.06696, 374.20206
1, 635.063, 372.92294
1, 635.063, 371.39127
1, 635.063, 369.8596
1, 635.063, 368.3279
1, 635.063, 366.79623
1, 635.063, 365.26456
1, 635.063, 363.73288
1, 635.063, 362.2012
1, 635.063, 360.66953
1, 635.063, 359.13785
1, 635.063, 358.11673
1, 635.063, 356.58505
1, 635.063, 355.05338
1, 635.06, 354.24506
1, 634.969, 353.09906
1, 634.7219, 351.89404
1, 634.32086, 350.77808
1, 633.76587, 349.7511
1, 633.0599, 348.81113
1, 632.1984, 347.96216
1, 631.2451, 347.24164
1, 630.2274, 346.6414
1, 629.17944, 346.14966
1, 628.1159, 345.75317
1, 626.88574, 345.3979
1, 625.74396, 345.14615
1, 624.4341, 344.93338
1, 623.4539, 344.81714
1, 622.2144, 344.72263
1, 620.92285, 344.6681
1, 619.82166, 344.66016
1, 618.61194, 344.6969
1, 617.45215, 344.78714
1, 616.34094, 344.92966
1, 615.109, 345.1651
1, 614.0284, 345.45215
1, 612.8528, 345.86017
1, 611.82935, 346.31763
1, 610.80554, 346.8884
1, 609.8608, 347.54315
1, 608.9498, 348.32916
1, 608.15576, 349.1872
1, 607.4413, 350.1792
1, 606.8889, 351.18567
1, 606.4317, 352.33466
1, 606.1398, 353.41565
1, 605.9407, 354.63818
1, 605.86066, 355.85016
1, 606.35675, 356.8292
1, 607.86005, 356.8292
1, 609.36334, 356.8292
1, 610.86664, 356.8292
1, 612.36993, 356.8292
1, 613.8732, 356.8292
1, 614.37463, 356.8292
1, 614.42224, 355.62518
1, 614.7471, 354.48767
1, 615.4082, 353.5287
1, 616.34045, 352.81018
1, 617.4402, 352.33813
1, 618.6487, 352.07208
1, 619.7862, 351.97412
1, 621.0668, 351.9771
1, 622.17145, 352.0619
1, 623.2677, 352.2511
1, 624.4169, 352.6601
1, 625.3306, 353.3671
1, 625.9006, 354.39886
1, 626.1045, 355.56308
1, 625.9455, 356.7061
1, 625.2235, 357.6411
1, 624.1984, 358.27313
1, 623.0569, 358.70334
1, 621.8904, 359.00183
1, 620.8034, 359.2001
1, 619.524, 359.37595
1, 617.8757, 359.59448
1, 616.22736, 359.81302
1, 615.65594, 359.9054
1, 614.55365, 360.11035
1, 613.3424, 360.3831
1, 612.22217, 360.69708
1, 611.1794, 361.04608
1, 610.09436, 361.4931
1, 609.0054, 362.05606
1, 608.05444, 362.68008
1, 607.16046, 363.4511
1, 606.3759, 364.36813
1, 605.7657, 365.35635
1, 605.28516, 366.45508
1, 604.9514, 367.60208
1, 604.7434, 368.7841
1, 604.646, 369.98163
1, 604.64343, 371.2881
1, 604.7067, 372.28882
1, 604.8617, 373.45435
1, 605.1382, 374.67633
1, 605.49744, 375.7451
1, 606.0148, 376.8368
1, 606.65344, 377.8261
1, 607.4102, 378.7111
1, 608.2795, 379.4791
1, 609.30444, 380.1531
1, 610.3835, 380.66666
1, 611.4985, 381.03812
1, 612.63696, 381.28613
1, 613.85565, 381.43408
1, 615.0005, 381.48456
1, 616.2009, 381.45734
1, 617.4284, 381.349
1, 618.5997, 381.1573
1, 619.71545, 380.88257
1, 620.8704, 380.4906
1, 621.87146, 380.0451
1, 622.9769, 379.4176
1, 623.91797, 378.74557
1, 624.781, 377.98355
1, 625.6303, 377.05804
1, 626.33795, 376.10202
1, 626.395, 376.017
0, 626.238, 363.495
1, 626.238, 363.495
1, 625.05096, 363.984
1, 623.779, 364.424
1, 622.7655, 364.7185
1, 621.708, 364.988
1, 620.41174, 365.2705
1, 618.71893, 365.62903
1, 618.1572, 365.75278
1, 616.9557, 366.10474
1, 615.8517, 366.55948
1, 614.88025, 367.14203
1, 614.06915, 368.00226
1, 613.6094, 369.0815
1, 613.46045, 370.269
1, 613.57086, 371.4285
1, 613.99994, 372.51395
1, 614.7741, 373.42065
1, 615.7792, 374.04486
1, 616.9095, 374.38092
1, 618.09393, 374.4779
1, 619.2962, 374.42163
1, 620.463, 374.24265
1, 621.57794, 373.9244
1, 622.67346, 373.42664
1, 623.64197, 372.77094
1, 624.484, 371.9597
1, 625.1862, 370.9885
1, 625.694, 369.93796
1, 626.026, 368.82095
1, 626.20294, 367.59488
1, 626.238, 366.18243
1, 626.238, 364.57
1, 626.238, 363.495
0, 609.532, 349.849
1, 609.532, 349.849
1, 610.712, 349.849
0, 613.069, 349.849
1, 613.069, 349.849
1, 613.46295, 349.849
0, 617.393, 349.849
1, 617.393, 349.849
1, 618.572, 349.849
0, 620.93, 349.849
1, 620.93, 349.849
1, 621.323, 349.849
0, 625.253, 349.849
1, 625.253, 349.849
1, 626.432, 349.849
0, 628.79, 349.849
1, 628.79, 349.849
1, 629.183, 349.849
0, 633.113, 349.849
1, 633.113, 349.849
1, 633.828, 349.849
0, 625.253, 357.708
1, 625.253, 357.708
1, 626.432, 357.708
0, 628.79, 357.708
1, 628.79, 357.708
1, 629.183, 357.708
0, 633.113, 357.708
1, 633.113, 357.708
1, 634.292, 357.708
0, 609.532, 365.568
1, 609.532, 365.568
1, 610.712, 365.568
0, 613.069, 365.568
1, 613.069, 365.568
1, 613.46295, 365.568
0, 617.393, 365.568
1, 617.393, 365.568
1, 618.572, 365.568
0, 626.238, 365.568
1, 626.238, 365.568
1, 626.43097, 365.568
0, 628.79, 365.568
1, 628.79, 365.568
1, 629.183, 365.568
0, 633.113, 365.568
1, 633.113, 365.568
1, 634.292, 365.568
0, 605.21, 373.429
1, 605.21, 373.429
1, 605.603, 373.429
0, 609.532, 373.429
1, 609.532, 373.429
1, 610.712, 373.429
0, 613.069, 373.429
1, 613.069, 373.429
1, 613.46295, 373.429
0, 625.253, 373.429
1, 625.253, 373.429
1, 626.432, 373.429
0, 628.79, 373.429
1, 628.79, 373.429
1, 629.183, 373.429
0, 633.113, 373.429
1, 633.113, 373.429
1, 634.292, 373.429
0, 613.069, 381.289
1, 613.069, 381.289
1, 613.46295, 381.289
0, 617.393, 381.289
1, 617.393, 381.289
1, 617.789, 381.289
0, 606.472, 352.207
1, 606.472, 352.207
1, 607.175, 352.207
0, 607.567, 352.207
1, 607.567, 352.207
1, 608.353, 352.207
0, 613.069, 352.207
1, 613.069, 352.207
1, 615.03503, 352.207
1, 615.035, 352.207
0, 615.428, 352.207
1, 615.428, 352.207
1, 616.214, 352.207
0, 623.288, 352.207
1, 623.288, 352.207
1, 624.07404, 352.207
0, 628.79, 352.207
1, 628.79, 352.207
1, 630.75507, 352.207
1, 630.755, 352.207
0, 631.147, 352.207
1, 631.147, 352.207
1, 631.933, 352.207
0, 614.706, 360.066
1, 614.706, 360.066
1, 615.035, 360.066
0, 615.428, 360.066
1, 615.428, 360.066
1, 616.214, 360.066
0, 620.93, 360.066
1, 620.93, 360.066
1, 622.8951, 360.066
1, 622.895, 360.066
0, 623.288, 360.066
1, 623.288, 360.066
1, 624.07404, 360.066
0, 628.79, 360.066
1, 628.79, 360.066
1, 630.75507, 360.066
1, 630.755, 360.066
0, 631.147, 360.066
1, 631.147, 360.066
1, 631.933, 360.066
0, 605.21, 367.927
1, 605.21, 367.927
1, 607.1751, 367.927
1, 607.17505, 367.927
0, 607.567, 367.927
1, 607.567, 367.927
1, 608.353, 367.927
0, 613.069, 367.927
1, 613.069, 367.927
1, 614.12, 367.927
0, 628.79, 367.927
1, 628.79, 367.927
1, 630.75507, 367.927
1, 630.755, 367.927
0, 631.147, 367.927
1, 631.147, 367.927
1, 631.933, 367.927
0, 605.524, 375.787
1, 605.524, 375.787
1, 607.17395, 375.787
1, 607.174, 375.787
0, 607.567, 375.787
1, 607.567, 375.787
1, 608.353, 375.787
0, 613.069, 375.787
1, 613.069, 375.787
1, 615.03503, 375.787
1, 615.035, 375.787
0, 615.428, 375.787
1, 615.428, 375.787
1, 616.214, 375.787
0, 620.93, 375.787
1, 620.93, 375.787
1, 622.8951, 375.787
1, 622.895, 375.787
0, 623.288, 375.787
1, 623.288, 375.787
1, 624.07404, 375.787
0, 628.79, 375.787
1, 628.79, 375.787
1, 630.75507, 375.787
1, 630.755, 375.787
0, 631.147, 375.787
1, 631.147, 375.787
1, 631.933, 375.787
0, 614.642, 347.49
1, 614.642, 347.49
1, 616.6071, 347.49
1, 616.60706, 347.49
0, 622.502, 347.49
1, 622.502, 347.49
1, 624.4671, 347.49
1, 624.46704, 347.49
0, 630.361, 347.49
1, 630.361, 347.49
1, 631.599, 347.49
0, 606.781, 355.351
1, 606.781, 355.351
1, 608.7461, 355.351
1, 608.74603, 355.351
0, 630.361, 355.351
1, 630.361, 355.351
1, 632.3271, 355.351
1, 632.327, 355.351
0, 607.403, 363.21
1, 607.403, 363.21
1, 608.74603, 363.21
0, 614.642, 363.21
1, 614.642, 363.21
1, 616.6071, 363.21
1, 616.60706, 363.21
0, 622.502, 363.21
1, 622.502, 363.21
1, 624.4671, 363.21
1, 624.46704, 363.21
0, 630.361, 363.21
1, 630.361, 363.21
1, 632.3271, 363.21
1, 632.327, 363.21
0, 606.781, 371.071
1, 606.781, 371.071
1, 608.7461, 371.071
1, 608.74603, 371.071
0, 630.361, 371.071
1, 630.361, 371.071
1, 632.3271, 371.071
1, 632.327, 371.071
0, 607.653, 378.931
1, 607.653, 378.931
1, 608.74603, 378.931
0, 614.642, 378.931
1, 614.642, 378.931
1, 616.6071, 378.931
1, 616.60706, 378.931
0, 622.502, 378.931
1, 622.502, 378.931
1, 623.667, 378.931
0, 630.361, 378.931
1, 630.361, 378.931
1, 632.3271, 378.931
1, 632.327, 378.931
0, 615.428, 347.098
1, 615.428, 347.098
1, 617.39307, 347.098
1, 617.393, 347.098
0, 623.288, 347.098
1, 623.288, 347.098
1, 625.2531, 347.098
1, 625.25305, 347.098
0, 607.567, 354.958
1, 607.567, 354.958
1, 609.5321, 354.958
1, 609.53204, 354.958
0, 631.147, 354.958
1, 631.147, 354.958
1, 633.11304, 354.958
1, 633.113, 354.958
0, 607.864, 362.817
1, 607.864, 362.817
1, 609.532, 362.817
1, 609.53204, 362.817
0, 615.428, 362.817
1, 615.428, 362.817
1, 617.39307, 362.817
1, 617.393, 362.817
0, 623.288, 362.817
1, 623.288, 362.817
1, 625.2531, 362.817
1, 625.25305, 362.817
0, 631.147, 362.817
1, 631.147, 362.817
1, 633.11304, 362.817
1, 633.113, 362.817
0, 607.567, 370.678
1, 607.567, 370.678
1, 609.5321, 370.678
1, 609.53204, 370.678
0, 631.147, 370.678
1, 631.147, 370.678
1, 633.11304, 370.678
1, 633.113, 370.678
0, 607.567, 378.538
1, 607.567, 378.538
1, 609.5321, 378.538
1, 609.53204, 378.538
0, 615.428, 378.538
1, 615.428, 378.538
1, 617.39307, 378.538
1, 617.393, 378.538
0, 623.288, 378.538
1, 623.288, 378.538
1, 624.163, 378.538
0, 631.147, 378.538
1, 631.147, 378.538
1, 633.11304, 378.538
1, 633.113, 378.538
0, 617.99, 344.739
1, 617.99, 344.739
1, 618.178, 344.739
0, 609.14, 352.6
1, 609.14, 352.6
1, 610.31903, 352.6
0, 624.859, 352.6
1, 624.859, 352.6
1, 626.039, 352.6
0, 632.72, 352.6
1, 632.72, 352.6
1, 633.899, 352.6
0, 617.0, 360.459
1, 617.0, 360.459
1, 618.179, 360.459
0, 624.859, 360.459
1, 624.859, 360.459
1, 626.039, 360.459
0, 632.72, 360.459
1, 632.72, 360.459
1, 633.899, 360.459
0, 609.14, 368.32
1, 609.14, 368.32
1, 610.31903, 368.32
0, 632.72, 368.32
1, 632.72, 368.32
1, 633.899, 368.32
0, 609.14, 376.18
1, 609.14, 376.18
1, 610.31903, 376.18
0, 617.0, 376.18
1, 617.0, 376.18
1, 618.179, 376.18
0, 624.859, 376.18
1, 624.859, 376.18
1, 626.039, 376.18
0, 632.72, 376.18
1, 632.72, 376.18
1, 633.899, 376.18
0, 609.926, 379.717
1, 609.926, 379.717
1, 609.926, 378.53802
0, 609.926, 371.856
1, 609.926, 371.856
1, 609.926, 370.677
0, 609.926, 363.997
1, 609.926, 363.997
1, 609.926, 362.81802
0, 609.926, 356.137
1, 609.926, 356.137
1, 609.926, 354.958
0, 609.926, 348.276
1, 609.926, 348.276
1, 609.926, 347.492
0, 617.786, 379.717
1, 617.786, 379.717
1, 617.786, 378.53802
0, 617.786, 363.997
1, 617.786, 363.997
1, 617.786, 362.81802
0, 617.786, 348.276
1, 617.786, 348.276
1, 617.786, 347.09702
0, 625.646, 371.856
1, 625.646, 371.856
1, 625.646, 370.677
0, 625.646, 363.75
1, 625.646, 363.75
1, 625.646, 362.818
0, 625.646, 348.276
1, 625.646, 348.276
1, 625.646, 347.09702
0, 633.506, 379.717
1, 633.506, 379.717
1, 633.506, 378.53802
0, 633.506, 371.856
1, 633.506, 371.856
1, 633.506, 370.677
0, 633.506, 363.997
1, 633.506, 363.997
1, 633.506, 362.81802
0, 633.506, 356.137
1, 633.506, 356.137
1, 633.506, 354.958
0, 611.498, 375.0
1, 611.498, 375.0
1, 611.498, 374.214
0, 611.498, 367.141
1, 611.498, 367.141
1, 611.498, 366.35498
0, 611.498, 351.42
1, 611.498, 351.42
1, 611.498, 350.634
0, 619.357, 375.0
1, 619.357, 375.0
1, 619.357, 374.414
0, 619.357, 351.42
1, 619.357, 351.42
1, 619.357, 350.634
0, 627.218, 375.0
1, 627.218, 375.0
1, 627.218, 374.214
0, 627.218, 367.141
1, 627.218, 367.141
1, 627.218, 366.35498
0, 627.218, 359.28
1, 627.218, 359.28
1, 627.218, 358.494
0, 627.218, 351.42
1, 627.218, 351.42
1, 627.218, 350.634
0, 635.078, 375.0
1, 635.078, 375.0
1, 635.078, 374.706
0, 607.961, 375.0
1, 607.961, 375.0
1, 607.961, 374.607
0, 607.961, 367.141
1, 607.961, 367.141
1, 607.961, 366.748
0, 607.961, 351.42
1, 607.961, 351.42
1, 607.961, 351.027
0, 615.82, 375.0
1, 615.82, 375.0
1, 615.82, 374.607
0, 615.82, 351.42
1, 615.82, 351.42
1, 615.82, 351.027
0, 623.681, 375.0
1, 623.681, 375.0
1, 623.681, 374.607
0, 623.681, 359.28
1, 623.681, 359.28
1, 623.681, 358.887
0, 623.681, 351.42
1, 623.681, 351.42
1, 623.681, 351.027
0, 631.541, 375.0
1, 631.541, 375.0
1, 631.541, 374.607
0, 631.541, 367.141
1, 631.541, 367.141
1, 631.541, 366.748
0, 631.541, 359.28
1, 631.541, 359.28
1, 631.541, 358.887
0, 631.541, 351.42
1, 631.541, 351.42
1, 631.541, 351.027
0, 607.175, 354.171
1, 607.175, 354.171
1, 607.961, 353.38498
0, 615.035, 346.312
1, 615.035, 346.312
1, 615.81995, 345.526
0, 622.895, 346.312
1, 622.895, 346.312
1, 623.681, 345.526
0, 607.175, 369.892
1, 607.175, 369.892
1, 607.961, 369.106
0, 615.035, 362.032
1, 615.035, 362.032
1, 615.81995, 361.246
0, 607.175, 377.752
1, 607.175, 377.752
1, 607.961, 376.966
0, 622.895, 362.032
1, 622.895, 362.032
1, 623.681, 361.246
0, 630.755, 354.171
1, 630.755, 354.171
1, 631.541, 353.38498
0, 615.035, 377.752
1, 615.035, 377.752
1, 615.81995, 376.966
0, 630.755, 362.032
1, 630.755, 362.032
1, 631.541, 361.246
0, 622.895, 377.752
1, 622.895, 377.752
1, 623.681, 376.966
0, 630.755, 369.892
1, 630.755, 369.892
1, 631.541, 369.106
0, 630.755, 377.752
1, 630.755, 377.752
1, 631.541, 376.966
0, 606.781, 352.993
1, 606.781, 352.993
1, 607.567, 352.207
0, 614.642, 352.993
1, 614.642, 352.993
1, 615.42804, 352.207
0, 622.502, 345.132
1, 622.502, 345.132
1, 622.867, 344.76797
0, 606.781, 368.712
1, 606.781, 368.712
1, 607.567, 367.926
0, 614.642, 360.853
1, 614.642, 360.853
1, 615.42804, 360.067
0, 623.249, 352.245
1, 623.249, 352.245
1, 623.288, 352.206
0, 606.781, 376.572
1, 606.781, 376.572
1, 607.567, 375.787
0, 622.502, 360.853
1, 622.502, 360.853
1, 623.288, 360.067
0, 630.361, 352.993
1, 630.361, 352.993
1, 631.14703, 352.207
0, 614.642, 376.572
1, 614.642, 376.572
1, 615.42804, 375.787
0, 630.361, 360.853
1, 630.361, 360.853
1, 631.14703, 360.067
0, 622.502, 376.572
1, 622.502, 376.572
1, 623.288, 375.787
0, 630.361, 368.712
1, 630.361, 368.712
1, 631.14703, 367.926
0, 630.361, 376.572
1, 630.361, 376.572
1, 631.14703, 375.787
0, 607.175, 352.207
1, 607.175, 352.207
1, 607.961, 351.421
0, 615.035, 352.207
1, 615.035, 352.207
1, 615.81995, 351.421
0, 607.175, 367.927
1, 607.175, 367.927
1, 607.961, 367.141
0, 615.035, 360.066
1, 615.035, 360.066
1, 615.11096, 359.991
0, 622.926, 352.176
1, 622.926, 352.176
1, 623.681, 351.421
0, 607.175, 375.787
1, 607.175, 375.787
1, 607.961, 375.0
0, 622.895, 360.066
1, 622.895, 360.066
1, 623.681, 359.28
0, 630.755, 352.207
1, 630.755, 352.207
1, 631.541, 351.421
0, 615.035, 375.787
1, 615.035, 375.787
1, 615.82, 375.0
0, 630.755, 360.066
1, 630.755, 360.066
1, 631.541, 359.28
0, 622.895, 375.787
1, 622.895, 375.787
1, 623.681, 375.0
0, 630.755, 367.927
1, 630.755, 367.927
1, 631.541, 367.141
0, 630.755, 375.787
1, 630.755, 375.787
1, 631.541, 375.0
0, 610.318, 352.6
1, 610.318, 352.6
1, 611.4979, 351.42105
1, 611.498, 351.42102
0, 618.179, 344.739
1, 618.179, 344.739
1, 618.19604, 344.724
0, 618.716, 352.062
1, 618.716, 352.062
1, 619.35803, 351.42
0, 610.318, 368.32
1, 610.318, 368.32
1, 611.4979, 367.14105
1, 611.498, 367.14102
0, 618.179, 360.459
1, 618.179, 360.459
1, 619.2351, 359.40298
1, 619.23505, 359.403
0, 626.039, 352.6
1, 626.039, 352.6
1, 627.21796, 351.42105
1, 627.218, 351.42102
0, 610.318, 376.18
1, 610.318, 376.18
1, 611.4979, 375.00104
1, 611.498, 375.001
0, 626.039, 360.459
1, 626.039, 360.459
1, 627.21796, 359.28006
1, 627.218, 359.28003
0, 633.898, 352.6
1, 633.898, 352.6
1, 634.69403, 351.805
0, 618.179, 376.18
1, 618.179, 376.18
1, 619.358, 375.00104
1, 619.35803, 375.001
0, 626.134, 368.226
1, 626.134, 368.226
1, 627.21796, 367.14105
1, 627.21796, 367.14102
0, 633.898, 360.459
1, 633.898, 360.459
1, 635.06006, 359.29703
1, 635.06, 359.29703
0, 626.039, 376.18
1, 626.039, 376.18
1, 627.21796, 375.00104
1, 627.218, 375.001
0, 633.898, 368.32
1, 633.898, 368.32
1, 635.06006, 367.15704
1, 635.06, 367.157
0, 633.898, 376.18
1, 633.898, 376.18
1, 635.07794, 375.00104
1, 635.078, 375.001
0, 605.853, 356.279
1, 605.853, 356.279
1, 605.997, 356.136
0, 612.677, 349.456
1, 612.677, 349.456
1, 613.85596, 348.27704
1, 613.856, 348.277
0, 613.165, 356.829
1, 613.165, 356.829
1, 613.855, 356.13702
0, 620.537, 349.456
1, 620.537, 349.456
1, 621.71594, 348.27704
1, 621.716, 348.277
0, 604.816, 373.036
1, 604.816, 373.036
1, 605.9959, 371.85706
1, 605.996, 371.85703
0, 612.677, 365.176
1, 612.677, 365.176
1, 613.85596, 363.99704
1, 613.856, 363.997
0, 628.396, 349.456
1, 628.396, 349.456
1, 629.5759, 348.27704
1, 629.576, 348.277
0, 612.677, 373.036
1, 612.677, 373.036
1, 613.73804, 371.97498
1, 613.738, 371.975
0, 620.537, 365.176
1, 620.537, 365.176
1, 621.71594, 363.99704
1, 621.716, 363.997
0, 628.396, 357.315
1, 628.396, 357.315
1, 629.5759, 356.13605
1, 629.576, 356.13602
0, 612.677, 380.896
1, 612.677, 380.896
1, 613.85596, 379.71704
1, 613.856, 379.717
0, 628.396, 365.176
1, 628.396, 365.176
1, 629.5759, 363.99704
1, 629.576, 363.997
0, 621.004, 380.429
1, 621.004, 380.429
1, 621.716, 379.71698
0, 628.396, 373.036
1, 628.396, 373.036
1, 629.5759, 371.85706
1, 629.576, 371.85703
0, 629.035, 380.257
1, 629.035, 380.257
1, 629.576, 379.71698
0, 608.354, 351.027
1, 608.354, 351.027
1, 609.53296, 349.84805
1, 609.533, 349.84802
0, 616.214, 351.027
1, 616.214, 351.027
1, 617.39294, 349.84805
1, 617.393, 349.84802
0, 608.354, 366.748
1, 608.354, 366.748
1, 609.53296, 365.56903
1, 609.533, 365.569
0, 624.074, 351.027
1, 624.074, 351.027
1, 625.2529, 349.84805
1, 625.253, 349.84802
0, 608.354, 374.607
1, 608.354, 374.607
1, 609.53296, 373.42804
1, 609.533, 373.428
0, 616.803, 366.158
1, 616.803, 366.158
1, 617.393, 365.568
0, 624.074, 358.888
1, 624.074, 358.888
1, 625.2529, 357.70905
1, 625.253, 357.709
0, 631.934, 351.027
1, 631.934, 351.027
1, 633.11395, 349.84805
1, 633.114, 349.84802
0, 616.214, 374.607
1, 616.214, 374.607
1, 616.526, 374.29498
0, 631.934, 358.888
1, 631.934, 358.888
1, 633.11395, 357.70905
1, 633.114, 357.709
0, 617.333, 381.349
1, 617.333, 381.349
1, 617.393, 381.289
0, 624.074, 374.607
1, 624.074, 374.607
1, 625.2529, 373.42804
1, 625.253, 373.428
0, 631.934, 366.748
1, 631.934, 366.748
1, 633.11395, 365.56903
1, 633.114, 365.569
0, 631.934, 374.607
1, 631.934, 374.607
1, 633.11395, 373.42804
1, 633.114, 373.428
0, 609.926, 380.109
1, 609.926, 380.109
1, 608.7461, 378.93005
1, 608.74603, 378.93002
0, 617.786, 380.109
1, 617.786, 380.109
1, 616.6061, 378.93005
1, 616.606, 378.93002
0, 609.926, 372.25
1, 609.926, 372.25
1, 608.7461, 371.07104
1, 608.74603, 371.071
0, 609.926, 364.39
1, 609.926, 364.39
1, 608.7461, 363.21106
1, 608.74603, 363.21103
0, 633.506, 380.109
1, 633.506, 380.109
1, 632.327, 378.93005
1, 632.32697, 378.93002
0, 625.646, 372.25
1, 625.646, 372.25
1, 624.87, 371.473
0, 617.786, 364.39
1, 617.786, 364.39
1, 616.6061, 363.21106
1, 616.606, 363.21103
0, 609.926, 356.529
1, 609.926, 356.529
1, 608.7461, 355.35004
1, 608.74603, 355.35
0, 633.506, 372.25
1, 633.506, 372.25
1, 632.327, 371.07104
1, 632.32697, 371.071
0, 625.188, 363.931
1, 625.188, 363.931
1, 624.466, 363.211
0, 609.926, 348.669
1, 609.926, 348.669
1, 609.281, 348.023
0, 633.506, 364.39
1, 633.506, 364.39
1, 632.327, 363.21106
1, 632.32697, 363.21103
0, 617.786, 348.669
1, 617.786, 348.669
1, 616.6061, 347.49005
1, 616.606, 347.49002
0, 633.506, 356.529
1, 633.506, 356.529
1, 632.327, 355.35004
1, 632.32697, 355.35
0, 625.646, 348.669
1, 625.646, 348.669
1, 624.46704, 347.49005
1, 624.467, 347.49002
0, 611.498, 374.215
1, 611.498, 374.215
1, 610.712, 373.429
0, 611.498, 366.354
1, 611.498, 366.354
1, 610.712, 365.568
0, 627.218, 374.215
1, 627.218, 374.215
1, 626.432, 373.429
0, 618.646, 365.644
1, 618.646, 365.644
1, 618.571, 365.569
0, 635.065, 374.201
1, 635.065, 374.201
1, 634.292, 373.429
0, 627.218, 366.354
1, 627.218, 366.354
1, 626.432, 365.568
0, 611.498, 350.634
1, 611.498, 350.634
1, 610.712, 349.848
0, 635.061, 366.338
1, 635.061, 366.338
1, 634.292, 365.56802
0, 627.218, 358.495
1, 627.218, 358.495
1, 626.432, 357.70898
0, 619.357, 350.634
1, 619.357, 350.634
1, 618.571, 349.848
0, 635.061, 358.478
1, 635.061, 358.478
1, 634.292, 357.70898
0, 627.218, 350.634
1, 627.218, 350.634
1, 626.432, 349.848
0, 607.175, 376.966
1, 607.175, 376.966
1, 606.781, 376.572
0, 615.035, 376.966
1, 615.035, 376.966
1, 614.641, 376.572
0, 607.175, 369.105
1, 607.175, 369.105
1, 606.781, 368.712
0, 622.895, 376.966
1, 622.895, 376.966
1, 622.502, 376.572
0, 630.755, 376.966
1, 630.755, 376.966
1, 630.361, 376.572
0, 615.035, 361.246
1, 615.035, 361.246
1, 614.641, 360.853
0, 607.175, 353.386
1, 607.175, 353.386
1, 606.781, 352.99298
0, 630.755, 369.105
1, 630.755, 369.105
1, 630.361, 368.712
0, 622.895, 361.246
1, 622.895, 361.246
1, 622.502, 360.853
0, 615.035, 353.386
1, 615.035, 353.386
1, 614.641, 352.99298
0, 630.755, 361.246
1, 630.755, 361.246
1, 630.361, 360.853
0, 615.035, 345.525
1, 615.035, 345.525
1, 614.758, 345.249
0, 630.755, 353.386
1, 630.755, 353.386
1, 630.361, 352.99298
0, 622.895, 345.525
1, 622.895, 345.525
1, 622.502, 345.132
0, 608.746, 376.18
1, 608.746, 376.18
1, 608.35297, 375.787
0, 616.606, 376.18
1, 616.606, 376.18
1, 616.213, 375.787
0, 608.746, 368.32
1, 608.746, 368.32
1, 608.35297, 367.927
0, 624.467, 376.18
1, 624.467, 376.18
1, 624.074, 375.787
0, 632.327, 376.18
1, 632.327, 376.18
1, 631.93304, 375.787
0, 616.606, 360.459
1, 616.606, 360.459
1, 616.213, 360.066
0, 608.746, 352.6
1, 608.746, 352.6
1, 608.35297, 352.207
0, 632.327, 368.32
1, 632.327, 368.32
1, 631.93304, 367.927
0, 624.467, 360.459
1, 624.467, 360.459
1, 624.074, 360.066
0, 616.606, 352.6
1, 616.606, 352.6
1, 616.213, 352.207
0, 632.327, 360.459
1, 632.327, 360.459
1, 631.93304, 360.066
0, 624.467, 352.6
1, 624.467, 352.6
1, 624.074, 352.207
0, 632.327, 352.6
1, 632.327, 352.6
1, 631.93304, 352.207
0, 611.126, 380.917
1, 611.126, 380.917
1, 609.926, 379.71704
1, 609.92596, 379.71698
0, 619.104, 381.035
1, 619.104, 381.035
1, 617.78613, 379.717
1, 617.786, 379.717
0, 611.498, 373.429
1, 611.498, 373.429
1, 610.319, 372.24997
1, 609.92596, 371.857
0, 611.498, 365.568
1, 611.498, 365.568
1, 610.319, 364.38898
1, 609.92596, 363.996
0, 634.046, 380.257
1, 634.046, 380.257
1, 633.50604, 379.71698
0, 627.218, 373.429
1, 627.218, 373.429
1, 626.039, 372.24997
1, 625.646, 371.857
0, 619.296, 365.506
1, 619.296, 365.506
1, 618.1635, 364.37424
1, 617.786, 363.997
0, 610.619, 356.829
1, 610.619, 356.829
1, 609.926, 356.13702
0, 635.061, 373.412
1, 635.061, 373.412
1, 633.8948, 372.2458
1, 633.506, 371.857
0, 627.218, 365.568
1, 627.218, 365.568
1, 626.239, 364.589
0, 611.498, 349.849
1, 611.498, 349.849
1, 610.319, 348.66998
1, 609.92596, 348.277
0, 635.061, 365.552
1, 635.061, 365.552
1, 633.8948, 364.3858
1, 633.506, 363.997
0, 627.218, 357.708
1, 627.218, 357.708
1, 626.01807, 356.50598
1, 626.018, 356.506
0, 619.357, 349.849
1, 619.357, 349.849
1, 618.1787, 348.66998
1, 617.786, 348.277
0, 635.061, 357.691
1, 635.061, 357.691
1, 633.8948, 356.52478
1, 633.506, 356.13602
0, 627.218, 349.849
1, 627.218, 349.849
1, 626.039, 348.66998
1, 625.646, 348.277
0, 611.498, 349.849
1, 611.498, 349.849
1, 612.677, 349.456
0, 619.357, 349.849
1, 619.357, 349.849
1, 620.537, 349.456
0, 627.218, 349.849
1, 627.218, 349.849
1, 628.39703, 349.456
0, 627.218, 357.708
1, 627.218, 357.708
1, 628.39703, 357.315
0, 611.498, 365.568
1, 611.498, 365.568
1, 612.677, 365.175
0, 619.977, 365.363
1, 619.977, 365.363
1, 620.53796, 365.176
0, 604.801, 373.042
1, 604.801, 373.042
1, 604.817, 373.03598
0, 627.218, 365.568
1, 627.218, 365.568
1, 628.39703, 365.175
0, 611.498, 373.429
1, 611.498, 373.429
1, 612.677, 373.03598
0, 627.218, 373.429
1, 627.218, 373.429
1, 628.39703, 373.03598
0, 611.949, 381.139
1, 611.949, 381.139
1, 612.677, 380.896
0, 612.283, 350.241
1, 612.283, 350.241
1, 613.06903, 349.848
0, 620.144, 350.241
1, 620.144, 350.241
1, 620.93, 349.848
0, 628.004, 350.241
1, 628.004, 350.241
1, 628.79004, 349.848
0, 612.283, 365.961
1, 612.283, 365.961
1, 613.06903, 365.568
0, 628.004, 358.102
1, 628.004, 358.102
1, 628.79004, 357.70898
0, 604.892, 373.588
1, 604.892, 373.588
1, 605.21, 373.428
0, 612.283, 373.822
1, 612.283, 373.822
1, 613.06903, 373.429
0, 628.004, 365.961
1, 628.004, 365.961
1, 628.79004, 365.568
0, 612.99, 381.328
1, 612.99, 381.328
1, 613.069, 381.289
0, 628.004, 373.822
1, 628.004, 373.822
1, 628.79004, 373.429
0, 615.82, 345.525
1, 615.82, 345.525
1, 616.606, 345.132
0, 607.961, 353.386
1, 607.961, 353.386
1, 608.746, 352.99298
0, 623.681, 345.525
1, 623.681, 345.525
1, 624.46704, 345.132
0, 615.82, 361.246
1, 615.82, 361.246
1, 616.606, 360.853
0, 631.541, 353.386
1, 631.541, 353.386
1, 632.327, 352.99298
0, 607.961, 369.105
1, 607.961, 369.105
1, 608.746, 368.712
0, 623.681, 361.246
1, 623.681, 361.246
1, 624.46704, 360.853
0, 631.541, 361.246
1, 631.541, 361.246
1, 632.327, 360.853
0, 607.961, 376.966
1, 607.961, 376.966
1, 608.746, 376.572
0, 615.82, 376.966
1, 615.82, 376.966
1, 616.606, 376.572
0, 631.541, 369.105
1, 631.541, 369.105
1, 632.327, 368.712
0, 623.681, 376.966
1, 623.681, 376.966
1, 624.46704, 376.572
0, 631.541, 376.966
1, 631.541, 376.966
1, 632.327, 376.572
0, 618.965, 344.739
1, 618.965, 344.739
1, 619.09204, 344.67603
0, 611.104, 352.6
1, 611.104, 352.6
1, 611.89, 352.207
0, 626.825, 352.6
1, 626.825, 352.6
1, 627.61, 352.207
0, 618.965, 360.459
1, 618.965, 360.459
1, 619.75104, 360.066
0, 634.685, 352.6
1, 634.685, 352.6
1, 634.868, 352.509
0, 611.104, 368.32
1, 611.104, 368.32
1, 611.89, 367.927
0, 626.825, 360.459
1, 626.825, 360.459
1, 627.61, 360.066
0, 634.685, 360.459
1, 634.685, 360.459
1, 635.061, 360.27002
0, 611.104, 376.18
1, 611.104, 376.18
1, 611.89, 375.787
0, 626.825, 368.32
1, 626.825, 368.32
1, 627.61, 367.927
0, 618.965, 376.18
1, 618.965, 376.18
1, 619.75104, 375.787
0, 634.685, 368.32
1, 634.685, 368.32
1, 635.061, 368.131
0, 626.825, 376.18
1, 626.825, 376.18
1, 627.61, 375.787
0, 634.685, 376.18
1, 634.685, 376.18
1, 635.184, 375.931
0, 607.961, 350.241
1, 607.961, 350.241
1, 609.53204, 349.455
1, 609.532, 349.455
0, 615.82, 350.241
1, 615.82, 350.241
1, 617.392, 349.455
1, 617.392, 349.455
0, 623.681, 350.241
1, 623.681, 350.241
1, 625.25305, 349.455
1, 625.25305, 349.455
0, 631.541, 350.241
1, 631.541, 350.241
1, 633.11304, 349.455
1, 633.11304, 349.455
0, 607.961, 365.961
1, 607.961, 365.961
1, 609.53204, 365.175
1, 609.532, 365.175
0, 615.82, 365.961
1, 615.82, 365.961
1, 617.392, 365.175
1, 617.392, 365.175
0, 631.541, 358.102
1, 631.541, 358.102
1, 633.11304, 357.31598
1, 633.11304, 357.31598
0, 607.961, 373.822
1, 607.961, 373.822
1, 609.53204, 373.03598
1, 609.532, 373.03598
0, 631.541, 365.961
1, 631.541, 365.961
1, 633.11304, 365.175
1, 633.11304, 365.175
0, 623.681, 373.822
1, 623.681, 373.822
1, 625.25305, 373.03598
1, 625.25305, 373.03598
0, 616.306, 381.439
1, 616.306, 381.439
1, 617.393, 380.895
0, 631.541, 373.822
1, 631.541, 373.822
1, 633.11304, 373.03598
1, 633.11304, 373.03598
0, 615.035, 345.525
1, 615.035, 345.525
1, 616.17395, 344.956
0, 607.175, 353.386
1, 607.175, 353.386
1, 608.74603, 352.59998
1, 608.746, 352.59998
0, 622.895, 345.525
1, 622.895, 345.525
1, 624.153, 344.897
0, 615.035, 353.386
1, 615.035, 353.386
1, 616.606, 352.59998
1, 616.60596, 352.59998
0, 624.383, 352.643
1, 624.383, 352.643
1, 624.467, 352.6
0, 615.035, 361.246
1, 615.035, 361.246
1, 616.606, 360.46
1, 616.60596, 360.46
0, 630.755, 353.386
1, 630.755, 353.386
1, 632.327, 352.59998
1, 632.327, 352.59998
0, 607.175, 369.105
1, 607.175, 369.105
1, 608.74603, 368.319
1, 608.746, 368.319
0, 622.895, 361.246
1, 622.895, 361.246
1, 624.46704, 360.46
1, 624.46704, 360.46
0, 630.755, 361.246
1, 630.755, 361.246
1, 632.327, 360.46
1, 632.327, 360.46
0, 607.175, 376.966
1, 607.175, 376.966
1, 608.74603, 376.18
1, 608.746, 376.18
0, 615.035, 376.966
1, 615.035, 376.966
1, 616.606, 376.18
1, 616.60596, 376.18
0, 630.755, 369.105
1, 630.755, 369.105
1, 632.327, 368.319
1, 632.327, 368.319
0, 622.895, 376.966
1, 622.895, 376.966
1, 624.46704, 376.18
1, 624.46704, 376.18
0, 630.755, 376.966
1, 630.755, 376.966
1, 632.327, 376.18
1, 632.327, 376.18
0, 611.891, 351.027
1, 611.891, 351.027
1, 612.284, 350.241
0, 611.891, 366.748
1, 611.891, 366.748
1, 612.284, 365.96198
0, 619.751, 351.027
1, 619.751, 351.027
1, 620.144, 350.241
0, 611.891, 374.607
1, 611.891, 374.607
1, 612.284, 373.82098
0, 627.61, 351.027
1, 627.61, 351.027
1, 628.00397, 350.241
0, 619.751, 374.607
1, 619.751, 374.607
1, 619.881, 374.348
0, 627.61, 358.888
1, 627.61, 358.888
1, 628.00397, 358.102
0, 627.61, 366.748
1, 627.61, 366.748
1, 628.00397, 365.96198
0, 627.61, 374.607
1, 627.61, 374.607
1, 628.00397, 373.82098
0, 609.532, 349.456
1, 609.532, 349.456
1, 609.92596, 348.66998
0, 609.776, 356.829
1, 609.776, 356.829
1, 609.925, 356.52902
0, 609.532, 365.176
1, 609.532, 365.176
1, 609.92596, 364.38998
0, 617.393, 349.456
1, 617.393, 349.456
1, 617.787, 348.66998
0, 609.532, 373.036
1, 609.532, 373.036
1, 609.92596, 372.25
0, 609.786, 380.391
1, 609.786, 380.391
1, 609.926, 380.11
0, 617.393, 365.176
1, 617.393, 365.176
1, 617.787, 364.38998
0, 625.253, 349.456
1, 625.253, 349.456
1, 625.646, 348.66998
0, 617.393, 380.896
1, 617.393, 380.896
1, 617.787, 380.11
0, 633.113, 349.456
1, 633.113, 349.456
1, 633.294, 349.095
0, 625.253, 373.036
1, 625.253, 373.036
1, 625.646, 372.25
0, 633.113, 357.315
1, 633.113, 357.315
1, 633.506, 356.529
0, 633.113, 365.176
1, 633.113, 365.176
1, 633.506, 364.38998
0, 633.113, 373.036
1, 633.113, 373.036
1, 633.506, 372.25
0, 633.432, 380.257
1, 633.432, 380.257
1, 633.506, 380.11
0, 606.043, 356.829
1, 606.043, 356.829
1, 606.78107, 355.35
1, 606.781, 355.35
0, 613.855, 349.062
1, 613.855, 349.062
1, 614.6411, 347.49
1, 614.641, 347.49002
0, 605.996, 372.643
1, 605.996, 372.643
1, 606.7809, 371.07098
1, 606.78094, 371.071
0, 613.903, 356.829
1, 613.903, 356.829
1, 614.392, 355.85
0, 613.855, 364.783
1, 613.855, 364.783
1, 614.6411, 363.21097
1, 614.641, 363.211
0, 621.716, 349.062
1, 621.716, 349.062
1, 622.5021, 347.49
1, 622.502, 347.49002
0, 613.855, 372.643
1, 613.855, 372.643
1, 613.957, 372.44
0, 613.855, 380.503
1, 613.855, 380.503
1, 614.6411, 378.93097
1, 614.641, 378.931
0, 621.716, 364.783
1, 621.716, 364.783
1, 622.5021, 363.21097
1, 622.502, 363.211
0, 629.576, 349.062
1, 629.576, 349.062
1, 630.3609, 347.49
1, 630.36096, 347.49002
0, 629.576, 356.922
1, 629.576, 356.922
1, 630.3609, 355.34998
1, 630.36096, 355.35
0, 621.976, 379.983
1, 621.976, 379.983
1, 622.502, 378.93
0, 629.576, 364.783
1, 629.576, 364.783
1, 630.3609, 363.21097
1, 630.36096, 363.211
0, 629.576, 372.643
1, 629.576, 372.643
1, 630.3609, 371.07098
1, 630.36096, 371.071
0, 629.698, 380.257
1, 629.698, 380.257
1, 630.3611, 378.93103
1, 630.361, 378.931
0, 609.532, 354.958
1, 609.532, 354.958
1, 610.3181, 353.386
1, 610.318, 353.38602
0, 609.532, 362.817
1, 609.532, 362.817
1, 610.23193, 361.42
1, 610.232, 361.41998
0, 617.393, 347.098
1, 617.393, 347.098
1, 618.1791, 345.52597
1, 618.179, 345.526
0, 609.532, 370.678
1, 609.532, 370.678
1, 610.3181, 369.106
1, 610.318, 369.10602
0, 609.532, 378.538
1, 609.532, 378.538
1, 610.3181, 376.96597
1, 610.318, 376.966
0, 617.393, 362.817
1, 617.393, 362.817
1, 618.1791, 361.24496
1, 618.179, 361.245
0, 625.253, 347.098
1, 625.253, 347.098
1, 626.03906, 345.52597
1, 626.039, 345.526
0, 625.736, 353.99
1, 625.736, 353.99
1, 626.039, 353.386
0, 617.393, 378.538
1, 617.393, 378.538
1, 618.1791, 376.96597
1, 618.179, 376.966
0, 625.253, 362.817
1, 625.253, 362.817
1, 626.03906, 361.24496
1, 626.039, 361.245
0, 625.852, 369.48
1, 625.852, 369.48
1, 626.04, 369.105
0, 633.113, 354.958
1, 633.113, 354.958
1, 633.8979, 353.386
1, 633.89795, 353.38602
0, 633.113, 362.817
1, 633.113, 362.817
1, 633.8979, 361.24496
1, 633.89795, 361.245
0, 633.113, 370.678
1, 633.113, 370.678
1, 633.8979, 369.106
1, 633.89795, 369.10602
0, 633.113, 378.538
1, 633.113, 378.538
1, 633.8979, 376.96597
1, 633.89795, 376.966
0, 609.926, 354.958
1, 609.926, 354.958
1, 610.63336, 353.54324
1, 611.10504, 352.6
0, 609.926, 362.817
1, 609.926, 362.817
1, 610.73096, 361.20798
1, 610.731, 361.20798
0, 617.786, 347.098
1, 617.786, 347.098
1, 618.49335, 345.68323
1, 618.965, 344.74
0, 609.926, 370.678
1, 609.926, 370.678
1, 610.63336, 369.26324
1, 611.10504, 368.32
0, 609.926, 378.538
1, 609.926, 378.538
1, 610.63336, 377.12323
1, 611.10504, 376.18
0, 617.786, 362.817
1, 617.786, 362.817
1, 618.49335, 361.40222
1, 618.965, 360.45898
0, 625.646, 347.098
1, 625.646, 347.098
1, 626.3158, 345.76077
1, 626.539, 345.315
0, 625.91, 354.431
1, 625.91, 354.431
1, 626.59625, 353.05774
1, 626.82495, 352.6
0, 617.786, 378.538
1, 617.786, 378.538
1, 618.49335, 377.12323
1, 618.965, 376.18
0, 625.646, 362.817
1, 625.646, 362.817
1, 626.35406, 361.40222
1, 626.826, 360.45898
0, 625.646, 370.678
1, 625.646, 370.678
1, 626.35406, 369.26324
1, 626.826, 368.32
0, 633.506, 354.958
1, 633.506, 354.958
1, 634.2133, 353.54324
1, 634.685, 352.6
0, 626.452, 376.926
1, 626.452, 376.926
1, 626.825, 376.18
0, 633.506, 362.817
1, 633.506, 362.817
1, 634.2133, 361.40222
1, 634.685, 360.45898
0, 633.506, 370.678
1, 633.506, 370.678
1, 634.2133, 369.26324
1, 634.685, 368.32
0, 633.506, 378.538
1, 633.506, 378.538
1, 634.2133, 377.12323
1, 634.685, 376.18
0, 605.996, 356.137
1, 605.996, 356.137
1, 606.58466, 354.36847
1, 606.78094, 353.779
0, 605.996, 371.856
1, 605.996, 371.856
1, 606.58466, 370.08746
1, 606.78094, 369.498
0, 613.855, 348.276
1, 613.855, 348.276
1, 614.4446, 346.50748
1, 614.641, 345.918
0, 606.639, 377.79
1, 606.639, 377.79
1, 606.782, 377.358
0, 613.855, 356.137
1, 613.855, 356.137
1, 614.4446, 354.36847
1, 614.641, 353.779
0, 613.855, 363.997
1, 613.855, 363.997
1, 614.4446, 362.2285
1, 614.641, 361.639
0, 621.716, 348.276
1, 621.716, 348.276
1, 622.30554, 346.50748
1, 622.502, 345.918
0, 613.855, 379.717
1, 613.855, 379.717
1, 614.4446, 377.9485
1, 614.641, 377.359
0, 621.716, 363.997
1, 621.716, 363.997
1, 622.30554, 362.2285
1, 622.502, 361.639
0, 629.576, 348.276
1, 629.576, 348.276
1, 630.13605, 346.59497
1, 630.136, 346.595
0, 621.716, 379.717
1, 621.716, 379.717
1, 622.30554, 377.9485
1, 622.502, 377.359
0, 629.576, 356.137
1, 629.576, 356.137
1, 630.1647, 354.36847
1, 630.36096, 353.779
0, 629.576, 363.997
1, 629.576, 363.997
1, 630.1647, 362.2285
1, 630.36096, 361.639
0, 629.576, 371.856
1, 629.576, 371.856
1, 630.1647, 370.08746
1, 630.36096, 369.498
0, 629.576, 379.717
1, 629.576, 379.717
1, 630.1647, 377.9485
1, 630.36096, 377.359
0, 606.389, 373.429
1, 606.389, 373.429
1, 605.996, 372.64297
0, 614.249, 381.289
1, 614.249, 381.289
1, 613.85504, 380.503
0, 606.389, 365.568
1, 606.389, 365.568
1, 606.039, 364.867
0, 614.249, 373.429
1, 614.249, 373.429
1, 613.85504, 372.64297
0, 614.249, 365.568
1, 614.249, 365.568
1, 613.85504, 364.78198
0, 621.807, 364.964
1, 621.807, 364.964
1, 621.716, 364.783
0, 614.249, 349.849
1, 614.249, 349.849
1, 613.85504, 349.063
0, 629.969, 373.429
1, 629.969, 373.429
1, 629.576, 372.64297
0, 629.969, 365.568
1, 629.969, 365.568
1, 629.576, 364.78198
0, 622.108, 349.849
1, 622.108, 349.849
1, 621.71497, 349.063
0, 629.969, 357.708
1, 629.969, 357.708
1, 629.576, 356.922
0, 629.969, 349.849
1, 629.969, 349.849
1, 629.576, 349.063
0, 607.567, 378.538
1, 607.567, 378.538
1, 607.174, 377.75198
0, 607.567, 370.678
1, 607.567, 370.678
1, 607.174, 369.892
0, 615.428, 378.538
1, 615.428, 378.538
1, 615.035, 377.75198
0, 607.567, 354.958
1, 607.567, 354.958
1, 607.174, 354.172
0, 623.288, 378.538
1, 623.288, 378.538
1, 622.89404, 377.75198
0, 615.428, 362.817
1, 615.428, 362.817
1, 615.035, 362.03098
0, 631.147, 378.538
1, 631.147, 378.538
1, 630.75397, 377.75198
0, 623.288, 362.817
1, 623.288, 362.817
1, 622.89404, 362.03098
0, 615.428, 347.098
1, 615.428, 347.098
1, 615.035, 346.31198
0, 631.147, 370.678
1, 631.147, 370.678
1, 630.75397, 369.892
0, 631.147, 362.817
1, 631.147, 362.817
1, 630.75397, 362.03098
0, 623.288, 347.098
1, 623.288, 347.098
1, 622.89404, 346.31198
0, 631.147, 354.958
1, 631.147, 354.958
1, 630.75397, 354.172
0, 606.781, 377.358
1, 606.781, 377.358
1, 606.388, 376.572
0, 606.781, 369.499
1, 606.781, 369.499
1, 606.388, 368.71298
0, 614.642, 377.358
1, 614.642, 377.358
1, 614.249, 376.572
0, 606.781, 353.778
1, 606.781, 353.778
1, 606.388, 352.992
0, 622.502, 377.358
1, 622.502, 377.358
1, 622.10803, 376.572
0, 614.642, 361.639
1, 614.642, 361.639
1, 614.249, 360.853
0, 614.642, 353.778
1, 614.642, 353.778
1, 614.249, 352.992
0, 630.361, 377.358
1, 630.361, 377.358
1, 629.968, 376.572
0, 622.502, 361.639
1, 622.502, 361.639
1, 622.10803, 360.853
0, 614.642, 345.918
1, 614.642, 345.918
1, 614.361, 345.355
0, 630.361, 369.499
1, 630.361, 369.499
1, 629.968, 368.71298
0, 630.361, 361.639
1, 630.361, 361.639
1, 629.968, 360.853
0, 622.502, 345.918
1, 622.502, 345.918
1, 622.10803, 345.132
0, 630.361, 353.778
1, 630.361, 353.778
1, 629.968, 352.992
0, 612.283, 375.394
1, 612.283, 375.394
1, 611.89, 374.608
0, 612.283, 367.534
1, 612.283, 367.534
1, 611.89, 366.748
0, 620.144, 375.394
1, 620.144, 375.394
1, 619.751, 374.608
0, 612.283, 351.813
1, 612.283, 351.813
1, 611.89, 351.02698
0, 628.004, 375.394
1, 628.004, 375.394
1, 627.61005, 374.608
0, 620.144, 359.673
1, 620.144, 359.673
1, 619.961, 359.306
0, 628.004, 367.534
1, 628.004, 367.534
1, 627.61005, 366.748
0, 620.144, 351.813
1, 620.144, 351.813
1, 619.751, 351.02698
0, 628.004, 359.673
1, 628.004, 359.673
1, 627.61005, 358.887
0, 628.004, 351.813
1, 628.004, 351.813
1, 627.61005, 351.02698
0, 609.14, 376.18
1, 609.14, 376.18
1, 608.3539, 374.60797
1, 608.354, 374.608
0, 609.14, 368.32
1, 609.14, 368.32
1, 608.3539, 366.748
1, 608.354, 366.74802
0, 617.0, 376.18
1, 617.0, 376.18
1, 616.21387, 374.60797
1, 616.214, 374.608
0, 609.14, 352.6
1, 609.14, 352.6
1, 608.3539, 351.02798
1, 608.354, 351.028
0, 624.859, 376.18
1, 624.859, 376.18
1, 624.0741, 374.60797
1, 624.07404, 374.608
0, 617.0, 360.459
1, 617.0, 360.459
1, 616.644, 359.74503
0, 616.955, 352.51
1, 616.955, 352.51
1, 616.21405, 351.02698
1, 616.214, 351.027
0, 632.72, 376.18
1, 632.72, 376.18
1, 631.93384, 374.60797
1, 631.93396, 374.608
0, 624.859, 360.459
1, 624.859, 360.459
1, 624.0741, 358.887
1, 624.07404, 358.88702
0, 632.72, 368.32
1, 632.72, 368.32
1, 631.93384, 366.748
1, 631.93396, 366.74802
0, 624.859, 352.6
1, 624.859, 352.6
1, 624.0741, 351.02798
1, 624.07404, 351.028
0, 632.72, 360.459
1, 632.72, 360.459
1, 631.93384, 358.887
1, 631.93396, 358.88702
0, 632.72, 352.6
1, 632.72, 352.6
1, 631.93384, 351.02798
1, 631.93396, 351.028
0, 613.069, 375.787
1, 613.069, 375.787
1, 612.28296, 375.39297
0, 620.93, 375.787
1, 620.93, 375.787
1, 620.144, 375.39297
0, 605.21, 367.927
1, 605.21, 367.927
1, 604.913, 367.778
0, 628.79, 375.787
1, 628.79, 375.787
1, 628.00397, 375.39297
0, 613.069, 367.927
1, 613.069, 367.927
1, 612.28296, 367.534
0, 628.79, 367.927
1, 628.79, 367.927
1, 628.00397, 367.534
0, 620.93, 360.066
1, 620.93, 360.066
1, 620.144, 359.673
0, 628.79, 360.066
1, 628.79, 360.066
1, 628.00397, 359.673
0, 613.069, 352.207
1, 613.069, 352.207
1, 612.28296, 351.814
0, 620.441, 351.962
1, 620.441, 351.962
1, 620.143, 351.81302
0, 628.79, 352.207
1, 628.79, 352.207
1, 628.00397, 351.814
0, 613.708, 381.411
1, 613.708, 381.411
1, 613.463, 381.289
0, 607.961, 374.607
1, 607.961, 374.607
1, 606.54614, 373.89957
1, 605.603, 373.428
0, 615.82, 374.607
1, 615.82, 374.607
1, 614.4059, 373.89957
1, 613.463, 373.428
0, 623.681, 374.607
1, 623.681, 374.607
1, 621.9901, 373.76105
1, 621.99005, 373.761
0, 607.961, 366.748
1, 607.961, 366.748
1, 606.57196, 366.0532
1, 605.646, 365.59
0, 631.541, 374.607
1, 631.541, 374.607
1, 630.12616, 373.89957
1, 629.18304, 373.428
0, 615.648, 366.662
1, 615.648, 366.662
1, 614.0085, 365.84222
1, 613.46204, 365.569
0, 631.541, 366.748
1, 631.541, 366.748
1, 630.12616, 366.04056
1, 629.18304, 365.569
0, 623.681, 358.888
1, 623.681, 358.888
1, 623.202, 358.648
0, 607.961, 351.027
1, 607.961, 351.027
1, 607.16797, 350.631
0, 631.541, 358.888
1, 631.541, 358.888
1, 630.12616, 358.18057
1, 629.18304, 357.709
0, 615.82, 351.027
1, 615.82, 351.027
1, 614.4059, 350.31958
1, 613.463, 349.84802
0, 623.681, 351.027
1, 623.681, 351.027
1, 622.2662, 350.31958
1, 621.32306, 349.84802
0, 631.541, 351.027
1, 631.541, 351.027
1, 630.12616, 350.31958
1, 629.18304, 349.84802
0, 606.389, 376.572
1, 606.389, 376.572
1, 605.785, 376.37
0, 614.249, 376.572
1, 614.249, 376.572
1, 612.4806, 375.98322
1, 611.89105, 375.787
0, 622.108, 376.572
1, 622.108, 376.572
1, 620.3403, 375.98322
1, 619.751, 375.787
0, 629.969, 376.572
1, 629.969, 376.572
1, 628.20056, 375.98322
1, 627.611, 375.787
0, 606.389, 368.712
1, 606.389, 368.712
1, 604.8329, 368.19296
1, 604.83295, 368.193
0, 613.78, 368.556
1, 613.78, 368.556
1, 612.3624, 368.08423
1, 611.89, 367.927
0, 629.969, 368.712
1, 629.969, 368.712
1, 628.20056, 368.1225
1, 627.611, 367.926
0, 614.249, 360.853
1, 614.249, 360.853
1, 613.04504, 360.452
0, 622.108, 360.853
1, 622.108, 360.853
1, 620.3403, 360.2635
1, 619.751, 360.067
0, 629.969, 360.853
1, 629.969, 360.853
1, 628.20056, 360.2635
1, 627.611, 360.067
0, 606.389, 352.993
1, 606.389, 352.993
1, 606.24695, 352.945
0, 614.249, 352.993
1, 614.249, 352.993
1, 612.4806, 352.4035
1, 611.89105, 352.207
0, 629.969, 352.993
1, 629.969, 352.993
1, 628.20056, 352.4035
1, 627.611, 352.207
0, 622.108, 345.132
1, 622.108, 345.132
1, 620.712, 344.66498
0, 614.985, 381.473
1, 614.985, 381.473
1, 614.24896, 381.289
0, 607.961, 373.822
1, 607.961, 373.822
1, 606.389, 373.42896
1, 606.389, 373.429
0, 615.042, 373.626
1, 615.042, 373.626
1, 614.24896, 373.428
0, 623.681, 373.822
1, 623.681, 373.822
1, 622.49005, 373.524
0, 631.541, 373.822
1, 631.541, 373.822
1, 629.969, 373.42896
1, 629.969, 373.429
0, 607.961, 365.961
1, 607.961, 365.961
1, 606.389, 365.56793
1, 606.389, 365.568
0, 615.82, 365.961
1, 615.82, 365.961
1, 614.24896, 365.56793
1, 614.249, 365.568
0, 631.541, 365.961
1, 631.541, 365.961
1, 629.969, 365.56793
1, 629.969, 365.568
0, 631.541, 358.102
1, 631.541, 358.102
1, 629.969, 357.70892
1, 629.969, 357.70898
0, 607.961, 350.241
1, 607.961, 350.241
1, 607.474, 350.12
0, 615.82, 350.241
1, 615.82, 350.241
1, 614.24896, 349.84796
1, 614.249, 349.848
0, 623.681, 350.241
1, 623.681, 350.241
1, 622.109, 349.84796
1, 622.109, 349.848
0, 631.541, 350.241
1, 631.541, 350.241
1, 629.969, 349.84796
1, 629.969, 349.848
0, 610.318, 376.966
1, 610.318, 376.966
1, 608.746, 376.57196
1, 608.746, 376.572
0, 618.179, 376.966
1, 618.179, 376.966
1, 616.607, 376.57196
1, 616.607, 376.572
0, 625.758, 376.896
1, 625.758, 376.896
1, 624.467, 376.573
0, 633.898, 376.966
1, 633.898, 376.966
1, 632.32697, 376.57196
1, 632.327, 376.572
0, 610.318, 369.105
1, 610.318, 369.105
1, 608.746, 368.71198
1, 608.746, 368.712
0, 626.039, 369.105
1, 626.039, 369.105
1, 625.962, 369.087
0, 633.898, 369.105
1, 633.898, 369.105
1, 632.32697, 368.71198
1, 632.327, 368.712
0, 618.179, 361.246
1, 618.179, 361.246
1, 616.607, 360.85297
1, 616.607, 360.853
0, 626.039, 361.246
1, 626.039, 361.246
1, 624.467, 360.85297
1, 624.467, 360.853
0, 633.898, 361.246
1, 633.898, 361.246
1, 632.32697, 360.85297
1, 632.327, 360.853
0, 610.318, 353.386
1, 610.318, 353.386
1, 608.746, 352.99292
1, 608.746, 352.99298
0, 626.039, 353.386
1, 626.039, 353.386
1, 625.135, 353.15997
0, 633.898, 353.386
1, 633.898, 353.386
1, 632.32697, 352.99292
1, 632.327, 352.99298
0, 618.179, 345.525
1, 618.179, 345.525
1, 616.607, 345.13196
1, 616.607, 345.132
0, 626.039, 345.525
1, 626.039, 345.525
1, 624.467, 345.13196
1, 624.467, 345.132
0, 641.146, 363.052
1, 641.146, 363.052
1, 641.17596, 364.37354
1, 641.2504, 365.5255
1, 641.36993, 366.64102
1, 641.5589, 367.83603
1, 641.8029, 368.988
1, 642.1394, 370.20148
1, 642.50385, 371.25674
1, 642.9688, 372.36597
1, 643.5066, 373.41998
1, 644.1118, 374.4195
1, 644.7859, 375.36426
1, 645.52686, 376.255
1, 646.41187, 377.16
1, 647.2784, 377.9138
1, 648.28217, 378.65253
1, 649.25543, 379.25656
1, 650.2789, 379.7868
1, 651.35583, 380.24603
1, 652.5888, 380.66208
1, 653.66486, 380.94257
1, 654.7809, 381.16504
1, 656.0591, 381.33902
1, 657.1419, 381.42902
1, 658.3873, 381.4695
1, 659.52014, 381.45502
1, 660.73865, 381.38428
1, 661.9174, 381.25278
1, 663.05286, 381.06128
1, 664.2537, 380.78107
1, 665.4038, 380.42877
1, 666.40356, 380.0463
1, 667.45776, 379.55606
1, 668.54675, 378.937
1, 669.57574, 378.233
1, 670.466, 377.5103
1, 671.3048, 376.717
1, 672.0881, 375.85703
1, 672.8028, 374.94202
1, 673.5028, 373.88104
1, 674.0708, 372.85153
1, 674.5702, 371.76697
1, 674.96576, 370.735
1, 675.3333, 369.54523
1, 675.607, 368.418
1, 675.82434, 367.2435
1, 675.97174, 366.15002
1, 676.0798, 364.88953
1, 676.1292, 363.71796
1, 676.13275, 362.519
1, 676.08777, 361.34726
1, 675.9845, 360.08722
1, 675.84375, 358.99103
1, 675.6313, 357.81705
1, 675.3638, 356.68506
1, 675.0012, 355.4953
1, 674.6125, 354.45905
1, 674.11975, 353.37006
1, 673.55646, 352.3388
1, 672.9243, 351.36005
1, 672.22253, 350.4348
1, 671.4528, 349.56305
1, 670.54474, 348.68707
1, 669.57574, 347.89703
1, 668.6343, 347.24854
1, 667.6422, 346.67303
1, 666.599, 346.16806
1, 665.5068, 345.73706
1, 664.2537, 345.34805
1, 663.1638, 345.09204
1, 662.0339, 344.89206
1, 660.8584, 344.75604
1, 659.64496, 344.677
1, 658.5137, 344.6585
1, 657.2652, 344.6958
1, 656.1769, 344.77805
1, 654.8954, 344.94608
1, 653.77435, 345.16306
1, 652.5888, 345.46805
1, 651.4568, 345.8473
1, 650.3748, 346.29855
1, 649.3461, 346.82257
1, 648.3679, 347.41806
1, 647.3588, 348.15204
1, 646.4893, 348.89853
1, 645.6703, 349.71808
1, 644.9159, 350.59906
1, 644.22784, 351.53305
1, 643.55774, 352.614
1, 643.0158, 353.66257
1, 642.5439, 354.76508
1, 642.17285, 355.81406
1, 641.8311, 357.02032
1, 641.58044, 358.16403
1, 641.38696, 359.35248
1, 641.2609, 360.46002
1, 641.17596, 361.73453
1, 641.14734, 362.91873
1, 641.146, 363.052
0, 650.578, 363.186
1, 650.578, 363.186
1, 650.612, 364.43002
1, 650.711, 365.6
1, 650.888, 366.7638
1, 651.173, 367.96704
1, 651.551, 369.0667
1, 652.0498, 370.1135
1, 652.6831, 371.08798
1, 653.4956, 371.99872
1, 654.3822, 372.70044
1, 655.4221, 373.2589
1, 656.5758, 373.6369
1, 657.731, 373.8259
1, 658.912, 373.8669
1, 660.10065, 373.76215
1, 661.2491, 373.49365
1, 662.34076, 373.03842
1, 663.32153, 372.40118
1, 664.19183, 371.58597
1, 664.9164, 370.63898
1, 665.4964, 369.604
1, 665.94464, 368.50052
1, 666.27246, 367.34653
1, 666.50085, 366.15808
1, 666.6309, 365.02402
1, 666.6969, 363.81702
1, 666.69684, 362.55804
1, 666.6329, 361.35895
1, 666.50195, 360.23206
1, 666.30493, 359.17902
1, 665.9699, 357.962
1, 665.5556, 356.91278
1, 664.9919, 355.871
1, 664.28174, 354.918
1, 663.4648, 354.12204
1, 662.4548, 353.44104
1, 661.3693, 352.97305
1, 660.22406, 352.6903
1, 659.0328, 352.57355
1, 657.8478, 352.60007
1, 656.6831, 352.7736
1, 655.56714, 353.11554
1, 654.51294, 353.64703
1, 653.5349, 354.392
1, 652.75085, 355.24704
1, 652.0788, 356.253
1, 651.5748, 357.28802
1, 651.17487, 358.43503
1, 650.9028, 359.56552
1, 650.71277, 360.786
1, 650.6138, 361.95
1, 650.57806, 363.18597
1, 650.578, 363.186
0, 643.519, 352.69
1, 643.519, 352.69
1, 644.341, 351.867
0, 644.786, 351.422
1, 644.786, 351.422
1, 646.03625, 350.17175
1, 646.453, 349.755
0, 646.786, 349.422
1, 646.786, 349.422
1, 647.8981, 348.30994
1, 647.898, 348.31
0, 648.398, 347.81
1, 648.398, 347.81
1, 649.434, 346.774
0, 642.539, 354.781
1, 642.539, 354.781
1, 643.78503, 353.53394
1, 643.785, 353.534
0, 644.23, 353.089
1, 644.23, 353.089
1, 645.4802, 351.83875
1, 645.897, 351.422
0, 646.23, 351.089
1, 646.23, 351.089
1, 647.34106, 349.97803
1, 647.341, 349.978
0, 647.843, 349.477
1, 647.843, 349.477
1, 648.968, 348.352
1, 649.343, 347.977
0, 649.788, 347.532
1, 649.788, 347.532
1, 651.03827, 346.28177
1, 651.455, 345.86502
0, 641.984, 356.447
1, 641.984, 356.447
1, 643.2291, 355.202
1, 643.229, 355.202
0, 643.675, 354.758
1, 643.675, 354.758
1, 644.92523, 353.50702
1, 645.342, 353.09
0, 645.675, 352.756
1, 645.675, 352.756
1, 646.7861, 351.64505
1, 646.786, 351.64502
0, 647.287, 351.144
1, 647.287, 351.144
1, 648.412, 350.019
1, 648.787, 349.644
0, 649.232, 349.199
1, 649.232, 349.199
1, 650.48224, 347.94876
1, 650.899, 347.532
0, 651.232, 347.199
1, 651.232, 347.199
1, 652.3431, 346.08804
1, 652.343, 346.088
0, 652.845, 345.587
1, 652.845, 345.587
1, 653.10596, 345.32602
0, 641.632, 357.911
1, 641.632, 357.911
1, 642.674, 356.86902
0, 643.117, 356.425
1, 643.117, 356.425
1, 644.3687, 355.17474
1, 644.786, 354.758
0, 645.119, 354.423
1, 645.119, 354.423
1, 646.2301, 353.31097
1, 646.23004, 353.311
0, 646.731, 352.812
1, 646.731, 352.812
1, 647.856, 351.687
1, 648.231, 351.312
0, 648.677, 350.866
1, 648.677, 350.866
1, 649.92725, 349.61575
1, 650.344, 349.199
0, 650.677, 348.866
1, 650.677, 348.866
1, 651.7881, 347.75397
1, 651.788, 347.754
0, 652.289, 347.254
1, 652.289, 347.254
1, 653.41473, 346.12827
1, 653.79, 345.753
0, 654.233, 345.309
1, 654.233, 345.309
1, 654.53296, 345.00998
0, 641.401, 359.253
1, 641.401, 359.253
1, 642.118, 358.53598
0, 642.562, 358.092
1, 642.562, 358.092
1, 643.8137, 356.84177
1, 644.231, 356.42502
0, 644.563, 356.09
1, 644.563, 356.09
1, 645.6741, 354.97903
1, 645.674, 354.979
0, 646.176, 354.48
1, 646.176, 354.48
1, 647.301, 353.35428
1, 647.676, 352.979
0, 648.121, 352.533
1, 648.121, 352.533
1, 649.3712, 351.28275
1, 649.78796, 350.866
0, 650.121, 350.533
1, 650.121, 350.533
1, 651.23206, 349.42203
1, 651.232, 349.422
0, 651.732, 348.921
1, 651.732, 348.921
1, 652.85846, 347.796
1, 653.234, 347.421
0, 653.678, 346.976
1, 653.678, 346.976
1, 654.9282, 345.72577
1, 655.345, 345.30902
0, 655.68, 344.976
1, 655.68, 344.976
1, 655.838, 344.81702
0, 641.257, 360.509
1, 641.257, 360.509
1, 641.56305, 360.20502
0, 642.006, 359.759
1, 642.006, 359.759
1, 643.2577, 358.50876
1, 643.675, 358.092
0, 644.008, 357.759
1, 644.008, 357.759
1, 645.1191, 356.64597
1, 645.119, 356.646
0, 645.62, 356.147
1, 645.62, 356.147
1, 646.745, 355.02127
1, 647.12, 354.646
0, 647.564, 354.201
1, 647.564, 354.201
1, 648.815, 352.95074
1, 649.23206, 352.534
0, 649.565, 352.2
1, 649.565, 352.2
1, 650.6761, 351.08905
1, 650.676, 351.08902
0, 651.177, 350.588
1, 651.177, 350.588
1, 652.30347, 349.463
1, 652.679, 349.088
0, 653.122, 348.644
1, 653.122, 348.644
1, 654.37225, 347.39377
1, 654.789, 346.97702
0, 655.124, 346.643
1, 655.124, 346.643
1, 656.2351, 345.53204
1, 656.23505, 345.532
0, 656.734, 345.031
1, 656.734, 345.031
1, 657.058, 344.707
0, 641.45, 361.427
1, 641.45, 361.427
1, 642.70026, 360.17676
1, 643.117, 359.76
0, 643.452, 359.426
1, 643.452, 359.426
1, 644.5631, 358.31503
1, 644.56305, 358.315
0, 645.064, 357.814
1, 645.064, 357.814
1, 646.189, 356.68826
1, 646.564, 356.313
0, 647.009, 355.869
1, 647.009, 355.869
1, 648.25995, 354.618
1, 648.677, 354.201
0, 649.01, 353.868
1, 649.01, 353.868
1, 650.1211, 352.75598
1, 650.12103, 352.756
0, 650.621, 352.256
1, 650.621, 352.256
1, 651.74744, 351.131
1, 652.123, 350.756
0, 652.566, 350.311
1, 652.566, 350.311
1, 653.8162, 349.06076
1, 654.233, 348.644
0, 654.566, 348.31
1, 654.566, 348.31
1, 655.679, 347.19904
1, 655.67896, 347.199
0, 656.179, 346.698
1, 656.179, 346.698
1, 657.30475, 345.57227
1, 657.68, 345.197
0, 658.125, 344.753
1, 658.125, 344.753
1, 658.215, 344.662
0, 641.149, 362.841
1, 641.149, 362.841
1, 642.208, 361.78046
1, 642.561, 361.427
0, 642.896, 361.094
1, 642.896, 361.094
1, 644.0071, 359.98193
1, 644.007, 359.982
0, 644.509, 359.481
1, 644.509, 359.481
1, 645.63324, 358.35526
1, 646.008, 357.97998
0, 646.453, 357.537
1, 646.453, 357.537
1, 647.704, 356.28674
1, 648.12103, 355.87
0, 648.454, 355.535
1, 648.454, 355.535
1, 649.56506, 354.42404
1, 649.565, 354.424
0, 650.065, 353.923
1, 650.065, 353.923
1, 651.19, 352.798
1, 651.565, 352.423
0, 652.011, 351.978
1, 652.011, 351.978
1, 653.2612, 350.72775
1, 653.678, 350.311
0, 654.011, 349.978
1, 654.011, 349.978
1, 655.124, 348.86703
1, 655.12396, 348.867
0, 655.623, 348.365
1, 655.623, 348.365
1, 656.7487, 347.24
1, 657.12396, 346.865
0, 657.568, 346.42
1, 657.568, 346.42
1, 658.819, 345.16977
1, 659.236, 344.75302
0, 641.162, 363.938
1, 641.162, 363.938
1, 642.006, 363.093
0, 642.341, 362.761
1, 642.341, 362.761
1, 643.4521, 361.65002
1, 643.452, 361.65
0, 643.953, 361.149
1, 643.953, 361.149
1, 645.0773, 360.02325
1, 645.452, 359.64798
0, 645.897, 359.204
1, 645.897, 359.204
1, 647.1472, 357.95377
1, 647.56396, 357.53702
0, 647.898, 357.202
1, 647.898, 357.202
1, 649.0091, 356.08997
1, 649.00903, 356.09
0, 649.51, 355.591
1, 649.51, 355.591
1, 650.635, 354.46527
1, 651.01, 354.09
0, 651.455, 353.645
1, 651.455, 353.645
1, 652.70526, 352.39474
1, 653.122, 351.978
0, 653.455, 351.645
1, 653.455, 351.645
1, 654.5661, 350.53403
1, 654.56604, 350.534
0, 655.067, 350.033
1, 655.067, 350.033
1, 656.19275, 348.908
1, 656.568, 348.533
0, 657.013, 348.087
1, 657.013, 348.087
1, 658.264, 346.83676
1, 658.681, 346.42
0, 659.014, 346.087
1, 659.014, 346.087
1, 660.12604, 344.97498
1, 660.126, 344.975
0, 641.211, 365.002
1, 641.211, 365.002
1, 641.45, 364.76102
0, 641.785, 364.428
1, 641.785, 364.428
1, 642.89606, 363.31705
1, 642.896, 363.31702
0, 643.396, 362.816
1, 643.396, 362.816
1, 644.5217, 361.691
1, 644.897, 361.316
0, 645.342, 360.871
1, 645.342, 360.871
1, 646.5922, 359.62076
1, 647.009, 359.204
0, 647.342, 358.871
1, 647.342, 358.871
1, 648.45404, 357.76004
1, 648.454, 357.76
0, 648.954, 357.259
1, 648.954, 357.259
1, 650.079, 356.13327
1, 650.454, 355.758
0, 650.899, 355.313
1, 650.899, 355.313
1, 652.14923, 354.062
1, 652.566, 353.645
0, 652.899, 353.312
1, 652.899, 353.312
1, 654.0101, 352.20105
1, 654.01, 352.20102
0, 654.512, 351.7
1, 654.512, 351.7
1, 655.63776, 350.575
1, 656.013, 350.2
0, 656.457, 349.755
1, 656.457, 349.755
1, 657.70795, 348.50476
1, 658.125, 348.088
0, 658.458, 347.754
1, 658.458, 347.754
1, 659.57007, 346.64304
1, 659.57, 346.643
0, 660.07, 346.143
1, 660.07, 346.143
1, 661.39905, 344.81195
1, 661.399, 344.812
0, 641.299, 366.026
1, 641.299, 366.026
1, 642.341, 364.984
0, 642.84, 364.483
1, 642.84, 364.483
1, 643.96576, 363.358
1, 644.341, 362.983
0, 644.786, 362.538
1, 644.786, 362.538
1, 646.03625, 361.28775
1, 646.453, 360.871
0, 646.786, 360.538
1, 646.786, 360.538
1, 647.8981, 359.42596
1, 647.898, 359.426
0, 648.398, 358.926
1, 648.398, 358.926
1, 649.523, 357.80026
1, 649.898, 357.425
0, 650.344, 356.981
1, 650.344, 356.981
1, 651.59424, 355.73074
1, 652.011, 355.314
0, 652.344, 354.979
1, 652.344, 354.979
1, 653.4551, 353.86804
1, 653.455, 353.868
0, 653.956, 353.367
1, 653.956, 353.367
1, 655.0817, 352.242
1, 655.457, 351.867
0, 655.9, 351.422
1, 655.9, 351.422
1, 657.151, 350.17175
1, 657.56805, 349.755
0, 657.902, 349.422
1, 657.902, 349.422
1, 659.01306, 348.30994
1, 659.013, 348.31
0, 659.515, 347.81
1, 659.515, 347.81
1, 660.64, 346.685
1, 661.015, 346.31
0, 661.46, 345.865
1, 661.46, 345.865
1, 662.37604, 344.947
0, 641.423, 367.013
1, 641.423, 367.013
1, 641.785, 366.651
0, 642.284, 366.15
1, 642.284, 366.15
1, 643.4097, 365.025
1, 643.785, 364.65
0, 644.23, 364.206
1, 644.23, 364.206
1, 645.4802, 362.95575
1, 645.897, 362.539
0, 646.23, 362.205
1, 646.23, 362.205
1, 647.34106, 361.09402
1, 647.341, 361.094
0, 647.843, 360.593
1, 647.843, 360.593
1, 648.968, 359.46725
1, 649.343, 359.09198
0, 649.788, 358.648
1, 649.788, 358.648
1, 651.03827, 357.39777
1, 651.455, 356.98102
0, 651.788, 356.646
1, 651.788, 356.646
1, 651.95105, 356.483
0, 655.345, 353.089
1, 655.345, 353.089
1, 656.59595, 351.83875
1, 657.013, 351.422
0, 657.347, 351.089
1, 657.347, 351.089
1, 658.45807, 349.97803
1, 658.458, 349.978
0, 658.959, 349.477
1, 658.959, 349.477
1, 660.084, 348.352
1, 660.459, 347.977
0, 660.904, 347.532
1, 660.904, 347.532
1, 662.15424, 346.28177
1, 662.571, 345.86502
0, 662.904, 345.532
1, 662.904, 345.532
1, 663.312, 345.12302
0, 641.729, 367.817
1, 641.729, 367.817
1, 642.85474, 366.692
1, 643.23, 366.317
0, 643.675, 365.873
1, 643.675, 365.873
1, 644.92523, 364.62274
1, 645.342, 364.206
0, 645.675, 363.872
1, 645.675, 363.872
1, 646.7861, 362.76105
1, 646.786, 362.76102
0, 647.287, 362.26
1, 647.287, 362.26
1, 648.412, 361.135
1, 648.787, 360.76
0, 649.232, 360.315
1, 649.232, 360.315
1, 650.48224, 359.06476
1, 650.899, 358.648
0, 656.794, 352.753
1, 656.794, 352.753
1, 657.9019, 351.64496
1, 657.902, 351.645
0, 658.403, 351.144
1, 658.403, 351.144
1, 659.528, 350.019
1, 659.903, 349.644
0, 660.349, 349.199
1, 660.349, 349.199
1, 661.59924, 347.94876
1, 662.016, 347.532
0, 662.349, 347.199
1, 662.349, 347.199
1, 663.4601, 346.08804
1, 663.46, 346.088
0, 663.961, 345.587
1, 663.961, 345.587
1, 664.209, 345.337
0, 641.779, 368.88
1, 641.779, 368.88
1, 642.674, 367.98502
0, 643.117, 367.54
1, 643.117, 367.54
1, 644.3687, 366.28976
1, 644.786, 365.87302
0, 645.119, 365.54
1, 645.119, 365.54
1, 646.2301, 364.42798
1, 646.23004, 364.428
0, 646.731, 363.928
1, 646.731, 363.928
1, 647.856, 362.803
1, 648.231, 362.428
0, 648.677, 361.982
1, 648.677, 361.982
1, 649.92725, 360.73175
1, 650.344, 360.315
0, 650.677, 359.982
1, 650.677, 359.982
1, 650.857, 359.803
0, 658.071, 352.587
1, 658.071, 352.587
1, 659.3469, 351.311
1, 659.347, 351.311
0, 659.793, 350.866
1, 659.793, 350.866
1, 661.0433, 349.61575
1, 661.46, 349.199
0, 661.793, 348.866
1, 661.793, 348.866
1, 662.9041, 347.75397
1, 662.90405, 347.754
0, 663.404, 347.254
1, 663.404, 347.254
1, 664.529, 346.12827
1, 664.904, 345.753
0, 642.009, 369.761
1, 642.009, 369.761
1, 642.118, 369.65198
0, 642.562, 369.208
1, 642.562, 369.208
1, 643.8137, 367.9563
1, 644.231, 367.539
0, 644.563, 367.207
1, 644.563, 367.207
1, 645.6741, 366.09604
1, 645.674, 366.096
0, 646.176, 365.595
1, 646.176, 365.595
1, 647.301, 364.47
1, 647.676, 364.095
0, 648.121, 363.649
1, 648.121, 363.649
1, 649.3712, 362.39874
1, 649.78796, 361.982
0, 650.121, 361.649
1, 650.121, 361.649
1, 650.68, 361.09
0, 659.236, 352.533
1, 659.236, 352.533
1, 660.487, 351.28275
1, 660.90405, 350.866
0, 661.237, 350.533
1, 661.237, 350.533
1, 662.3481, 349.42203
1, 662.348, 349.422
0, 662.849, 348.921
1, 662.849, 348.921
1, 663.974, 347.796
1, 664.349, 347.421
0, 664.794, 346.976
1, 664.794, 346.976
1, 665.8921, 345.878
1, 665.892, 345.87802
0, 642.271, 370.61
1, 642.271, 370.61
1, 643.3233, 369.55923
1, 643.674, 369.20898
0, 644.008, 368.874
1, 644.008, 368.874
1, 645.1191, 367.76196
1, 645.119, 367.762
0, 645.62, 367.262
1, 645.62, 367.262
1, 646.745, 366.137
1, 647.12, 365.762
0, 647.564, 365.317
1, 647.564, 365.317
1, 648.815, 364.06674
1, 649.23206, 363.65
0, 649.565, 363.316
1, 649.565, 363.316
1, 650.598, 362.28302
0, 660.193, 352.688
1, 660.193, 352.688
1, 660.348, 352.533
0, 660.682, 352.2
1, 660.682, 352.2
1, 661.7931, 351.08905
1, 661.793, 351.08902
0, 662.293, 350.588
1, 662.293, 350.588
1, 663.418, 349.463
1, 663.793, 349.088
0, 664.238, 348.644
1, 664.238, 348.644
1, 665.4882, 347.39377
1, 665.90497, 346.97702
0, 666.238, 346.643
1, 666.238, 346.643
1, 666.67896, 346.204
0, 642.569, 371.424
1, 642.569, 371.424
1, 643.11694, 370.876
0, 643.452, 370.541
1, 643.452, 370.541
1, 644.5631, 369.43002
1, 644.56305, 369.43
0, 645.064, 368.931
1, 645.064, 368.931
1, 646.189, 367.80527
1, 646.564, 367.43
0, 647.009, 366.984
1, 647.009, 366.984
1, 648.25995, 365.73376
1, 648.677, 365.31702
0, 649.01, 364.984
1, 649.01, 364.984
1, 650.1211, 363.87195
1, 650.12103, 363.872
0, 661.102, 352.893
1, 661.102, 352.893
1, 661.238, 352.756
0, 661.737, 352.256
1, 661.737, 352.256
1, 662.862, 351.131
1, 663.237, 350.756
0, 663.683, 350.311
1, 663.683, 350.311
1, 664.9332, 349.06076
1, 665.35, 348.644
0, 665.683, 348.31
1, 665.683, 348.31
1, 666.79407, 347.19904
1, 666.794, 347.199
0, 667.295, 346.698
1, 667.295, 346.698
1, 667.432, 346.561
0, 642.898, 372.207
1, 642.898, 372.207
1, 644.00696, 371.09702
1, 644.007, 371.09702
0, 644.509, 370.598
1, 644.509, 370.598
1, 645.63324, 369.47226
1, 646.008, 369.097
0, 646.453, 368.651
1, 646.453, 368.651
1, 647.704, 367.40076
1, 648.12103, 366.984
0, 648.454, 366.651
1, 648.454, 366.651
1, 649.56506, 365.54004
1, 649.565, 365.54
0, 650.065, 365.039
1, 650.065, 365.039
1, 650.615, 364.489
0, 661.92, 353.186
1, 661.92, 353.186
1, 662.682, 352.423
0, 663.127, 351.978
1, 663.127, 351.978
1, 664.37726, 350.72775
1, 664.794, 350.311
0, 665.127, 349.978
1, 665.127, 349.978
1, 666.2381, 348.86703
1, 666.23804, 348.867
0, 666.739, 348.365
1, 666.739, 348.365
1, 667.79736, 347.30673
1, 668.15, 346.95398
0, 643.26, 372.958
1, 643.26, 372.958
1, 643.452, 372.76602
0, 643.953, 372.265
1, 643.953, 372.265
1, 645.0773, 371.13928
1, 645.452, 370.764
0, 645.897, 370.32
1, 645.897, 370.32
1, 647.1472, 369.06903
1, 647.56396, 368.652
0, 647.898, 368.318
1, 647.898, 368.318
1, 649.0091, 367.20703
1, 649.00903, 367.207
0, 649.51, 366.706
1, 649.51, 366.706
1, 650.7009, 365.51495
1, 650.701, 365.51498
0, 662.657, 353.561
1, 662.657, 353.561
1, 663.8428, 352.37375
1, 664.238, 351.978
0, 664.571, 351.645
1, 664.571, 351.645
1, 665.68207, 350.53403
1, 665.682, 350.534
0, 666.184, 350.033
1, 666.184, 350.033
1, 667.30975, 348.908
1, 667.685, 348.533
0, 668.129, 348.087
1, 668.129, 348.087
1, 668.836, 347.379
0, 643.651, 373.676
1, 643.651, 373.676
1, 644.8961, 372.431
1, 644.896, 372.431
0, 645.342, 371.987
1, 645.342, 371.987
1, 646.5922, 370.73676
1, 647.009, 370.32
0, 647.342, 369.985
1, 647.342, 369.985
1, 648.45404, 368.87402
1, 648.454, 368.874
0, 648.954, 368.374
1, 648.954, 368.374
1, 650.079, 367.249
1, 650.454, 366.874
0, 663.318, 354.009
1, 663.318, 354.009
1, 663.682, 353.645
0, 664.016, 353.312
1, 664.016, 353.312
1, 665.1271, 352.20105
1, 665.127, 352.20102
0, 665.628, 351.7
1, 665.628, 351.7
1, 666.7537, 350.575
1, 667.12897, 350.2
0, 667.572, 349.755
1, 667.572, 349.755
1, 668.823, 348.50476
1, 669.24005, 348.088
0, 644.075, 374.365
1, 644.075, 374.365
1, 644.341, 374.098
0, 644.786, 373.654
1, 644.786, 373.654
1, 646.03625, 372.40375
1, 646.453, 371.987
0, 646.786, 371.654
1, 646.786, 371.654
1, 647.8981, 370.54095
1, 647.898, 370.541
0, 648.398, 370.042
1, 648.398, 370.042
1, 649.523, 368.91626
1, 649.898, 368.541
0, 650.344, 368.096
1, 650.344, 368.096
1, 651.027, 367.41202
0, 663.911, 354.528
1, 663.911, 354.528
1, 664.571, 353.868
0, 665.072, 353.367
1, 665.072, 353.367
1, 666.19775, 352.242
1, 666.573, 351.867
0, 667.017, 351.422
1, 667.017, 351.422
1, 668.268, 350.17175
1, 668.68506, 349.755
0, 669.018, 349.422
1, 669.018, 349.422
1, 670.11707, 348.32202
1, 670.117, 348.322
0, 644.528, 375.022
1, 644.528, 375.022
1, 645.8971, 373.65396
1, 645.89703, 373.654
0, 646.23, 373.321
1, 646.23, 373.321
1, 647.34106, 372.21005
1, 647.341, 372.21002
0, 647.843, 371.709
1, 647.843, 371.709
1, 648.968, 370.58328
1, 649.343, 370.208
0, 649.788, 369.764
1, 649.788, 369.764
1, 650.89874, 368.65173
1, 651.26904, 368.281
0, 664.517, 355.036
1, 664.517, 355.036
1, 665.6413, 353.91028
1, 666.01605, 353.535
0, 666.461, 353.089
1, 666.461, 353.089
1, 667.712, 351.83875
1, 668.129, 351.422
0, 668.462, 351.089
1, 668.462, 351.089
1, 669.57404, 349.97803
1, 669.574, 349.978
0, 670.073, 349.477
1, 670.073, 349.477
1, 670.712, 348.84
0, 645.011, 375.651
1, 645.011, 375.651
1, 645.342, 375.321
0, 645.675, 374.988
1, 645.675, 374.988
1, 646.7861, 373.87704
1, 646.786, 373.877
0, 647.287, 373.376
1, 647.287, 373.376
1, 648.412, 372.25027
1, 648.787, 371.875
0, 649.232, 371.432
1, 649.232, 371.432
1, 650.48224, 370.18176
1, 650.899, 369.765
0, 651.232, 369.43
1, 651.232, 369.43
1, 651.56396, 369.098
0, 664.911, 355.751
1, 664.911, 355.751
1, 665.46, 355.202
0, 665.905, 354.758
1, 665.905, 354.758
1, 667.1553, 353.50702
1, 667.572, 353.09
0, 667.906, 352.756
1, 667.906, 352.756
1, 669.0171, 351.64505
1, 669.017, 351.64502
0, 669.518, 351.144
1, 669.518, 351.144
1, 670.6445, 350.019
1, 671.02, 349.644
0, 645.523, 376.252
1, 645.523, 376.252
1, 646.23, 375.544
0, 646.731, 375.043
1, 646.731, 375.043
1, 647.856, 373.91727
1, 648.231, 373.542
0, 648.677, 373.099
1, 648.677, 373.099
1, 649.92725, 371.84875
1, 650.344, 371.432
0, 650.677, 371.097
1, 650.677, 371.097
1, 651.7881, 369.98602
1, 651.788, 369.986
0, 665.35, 356.425
1, 665.35, 356.425
1, 666.6002, 355.17474
1, 667.01697, 354.758
0, 667.351, 354.423
1, 667.351, 354.423
1, 668.4621, 353.31097
1, 668.46204, 353.311
0, 668.962, 352.812
1, 668.962, 352.812
1, 670.08844, 351.687
1, 670.464, 351.312
0, 670.907, 350.866
1, 670.907, 350.866
1, 671.816, 349.95898
0, 646.176, 376.711
1, 646.176, 376.711
1, 647.301, 375.586
1, 647.676, 375.211
0, 648.121, 374.766
1, 648.121, 374.766
1, 649.3712, 373.51575
1, 649.78796, 373.099
0, 650.121, 372.766
1, 650.121, 372.766
1, 651.23206, 371.65393
1, 651.232, 371.654
0, 651.732, 371.153
1, 651.732, 371.153
1, 652.32, 370.565
0, 665.683, 357.204
1, 665.683, 357.204
1, 666.461, 356.426
0, 666.794, 356.09
1, 666.794, 356.09
1, 667.90607, 354.97903
1, 667.906, 354.979
0, 668.406, 354.48
1, 668.406, 354.48
1, 669.5325, 353.35428
1, 669.908, 352.979
0, 670.352, 352.533
1, 670.352, 352.533
1, 671.60223, 351.28275
1, 672.019, 350.866
0, 646.633, 377.365
1, 646.633, 377.365
1, 647.12, 376.878
0, 647.564, 376.433
1, 647.564, 376.433
1, 648.815, 375.18277
1, 649.23206, 374.76602
0, 649.565, 374.433
1, 649.565, 374.433
1, 650.6761, 373.32205
1, 650.676, 373.32202
0, 651.177, 372.821
1, 651.177, 372.821
1, 652.30347, 371.69528
1, 652.679, 371.32
0, 666.238, 357.759
1, 666.238, 357.759
1, 667.35004, 356.64597
1, 667.35, 356.646
0, 667.851, 356.147
1, 667.851, 356.147
1, 668.97675, 355.02127
1, 669.352, 354.646
0, 669.796, 354.201
1, 669.796, 354.201
1, 671.04626, 352.95074
1, 671.463, 352.534
0, 671.798, 352.2
1, 671.798, 352.2
1, 672.80597, 351.19202
0, 647.231, 377.878
1, 647.231, 377.878
1, 648.3148, 376.7942
1, 648.676, 376.43298
0, 649.01, 376.1
1, 649.01, 376.1
1, 650.1211, 374.98904
1, 650.12103, 374.989
0, 650.621, 374.488
1, 650.621, 374.488
1, 651.74744, 373.36227
1, 652.123, 372.987
0, 652.566, 372.543
1, 652.566, 372.543
1, 653.303, 371.806
0, 666.232, 358.875
1, 666.232, 358.875
1, 666.794, 358.315
0, 667.295, 357.814
1, 667.295, 357.814
1, 668.4207, 356.68826
1, 668.79596, 356.313
0, 669.24, 355.869
1, 669.24, 355.869
1, 670.49023, 354.618
1, 670.907, 354.201
0, 671.242, 353.868
1, 671.242, 353.868
1, 672.3531, 352.75598
1, 672.353, 352.756
0, 672.854, 352.256
1, 672.854, 352.256
1, 673.256, 351.854
0, 647.861, 378.359
1, 647.861, 378.359
1, 648.12103, 378.1
0, 648.454, 377.767
1, 648.454, 377.767
1, 649.56506, 376.65604
1, 649.565, 376.656
0, 650.065, 376.155
1, 650.065, 376.155
1, 651.19, 375.03
1, 651.565, 374.655
0, 652.011, 374.21
1, 652.011, 374.21
1, 653.2612, 372.95975
1, 653.678, 372.543
0, 666.739, 359.481
1, 666.739, 359.481
1, 667.86475, 358.35526
1, 668.24, 357.97998
0, 668.685, 357.537
1, 668.685, 357.537
1, 669.93524, 356.28674
1, 670.352, 355.87
0, 670.686, 355.535
1, 670.686, 355.535
1, 671.79803, 354.42404
1, 671.798, 354.424
0, 672.298, 353.923
1, 672.298, 353.923
1, 673.6769, 352.54398
1, 673.677, 352.544
0, 648.52, 378.812
1, 648.52, 378.812
1, 649.01, 378.32202
0, 649.51, 377.822
1, 649.51, 377.822
1, 650.635, 376.697
1, 651.01, 376.322
0, 651.455, 375.877
1, 651.455, 375.877
1, 652.70526, 374.62677
1, 653.122, 374.21002
0, 653.455, 373.877
1, 653.455, 373.877
1, 654.5361, 372.79596
1, 654.536, 372.79602
0, 666.57, 360.762
1, 666.57, 360.762
1, 667.684, 359.64798
1, 667.684, 359.64798
0, 668.129, 359.204
1, 668.129, 359.204
1, 669.3793, 357.95377
1, 669.796, 357.53702
0, 670.13, 357.202
1, 670.13, 357.202
1, 671.24207, 356.08997
1, 671.242, 356.09
0, 671.74, 355.591
1, 671.74, 355.591
1, 672.86646, 354.46527
1, 673.242, 354.09
0, 673.688, 353.645
1, 673.688, 353.645
1, 674.067, 353.267
0, 649.211, 379.233
1, 649.211, 379.233
1, 650.4539, 377.98898
1, 650.454, 377.989
0, 650.899, 377.545
1, 650.899, 377.545
1, 652.14923, 376.29404
1, 652.566, 375.877
0, 652.899, 375.544
1, 652.899, 375.544
1, 654.0101, 374.43304
1, 654.01, 374.433
0, 654.512, 373.932
1, 654.512, 373.932
1, 655.25903, 373.18402
0, 666.661, 361.783
1, 666.661, 361.783
1, 667.129, 361.317
0, 667.572, 360.871
1, 667.572, 360.871
1, 668.823, 359.62076
1, 669.24005, 359.204
0, 669.574, 358.871
1, 669.574, 358.871
1, 670.68506, 357.76004
1, 670.685, 357.76
0, 671.185, 357.259
1, 671.185, 357.259
1, 672.31146, 356.13327
1, 672.687, 355.758
0, 673.132, 355.313
1, 673.132, 355.313
1, 674.424, 354.01904
1, 674.424, 354.01898
0, 650.344, 379.212
1, 650.344, 379.212
1, 651.59424, 377.96176
1, 652.011, 377.545
0, 652.344, 377.211
1, 652.344, 377.211
1, 653.4551, 376.10004
1, 653.455, 376.1
0, 653.956, 375.6
1, 653.956, 375.6
1, 655.0817, 374.47427
1, 655.457, 374.099
0, 655.9, 373.654
1, 655.9, 373.654
1, 656.062, 373.49298
0, 667.017, 362.538
1, 667.017, 362.538
1, 668.268, 361.28775
1, 668.68506, 360.871
0, 669.018, 360.538
1, 669.018, 360.538
1, 670.13007, 359.42596
1, 670.13, 359.426
0, 670.629, 358.926
1, 670.629, 358.926
1, 671.7555, 357.80026
1, 672.13104, 357.425
0, 672.576, 356.981
1, 672.576, 356.981
1, 673.82623, 355.73074
1, 674.243, 355.314
0, 674.576, 354.979
1, 674.576, 354.979
1, 674.75, 354.806
0, 650.692, 379.975
1, 650.692, 379.975
1, 651.455, 379.212
0, 651.788, 378.879
1, 651.788, 378.879
1, 652.8991, 377.76697
1, 652.89905, 377.767
0, 653.4, 377.267
1, 653.4, 377.267
1, 654.52576, 376.142
1, 654.901, 375.767
0, 655.345, 375.321
1, 655.345, 375.321
1, 656.5502, 374.11578
1, 656.95197, 373.71402
0, 666.69, 363.977
1, 666.69, 363.977
1, 667.7685, 362.8985
1, 668.128, 362.539
0, 668.462, 362.205
1, 668.462, 362.205
1, 669.57404, 361.09402
1, 669.574, 361.094
0, 670.073, 360.593
1, 670.073, 360.593
1, 671.19946, 359.46725
1, 671.575, 359.09198
0, 672.019, 358.648
1, 672.019, 358.648
1, 673.2707, 357.39777
1, 673.688, 356.98102
0, 674.021, 356.646
1, 674.021, 356.646
1, 675.044, 355.624
0, 651.484, 380.294
1, 651.484, 380.294
1, 652.343, 379.435
0, 652.845, 378.934
1, 652.845, 378.934
1, 653.9707, 377.809
1, 654.34595, 377.434
0, 654.789, 376.988
1, 654.789, 376.988
1, 656.04, 375.73776
1, 656.45703, 375.321
0, 656.791, 374.988
1, 656.791, 374.988
1, 657.9021, 373.87704
1, 657.90204, 373.877
0, 666.616, 365.162
1, 666.616, 365.162
1, 667.572, 364.206
0, 667.906, 363.872
1, 667.906, 363.872
1, 669.0171, 362.76105
1, 669.017, 362.76102
0, 669.518, 362.26
1, 669.518, 362.26
1, 670.6445, 361.135
1, 671.02, 360.76
0, 671.463, 360.315
1, 671.463, 360.315
1, 672.7147, 359.06476
1, 673.132, 358.648
0, 673.465, 358.315
1, 673.465, 358.315
1, 674.5761, 357.20197
1, 674.57605, 357.202
0, 675.076, 356.703
1, 675.076, 356.703
1, 675.304, 356.474
0, 652.312, 380.578
1, 652.312, 380.578
1, 653.42126, 379.4702
1, 653.791, 379.101
0, 654.233, 378.656
1, 654.233, 378.656
1, 655.4832, 377.40503
1, 655.89996, 376.988
0, 656.235, 376.655
1, 656.235, 376.655
1, 657.34607, 375.54404
1, 657.346, 375.544
0, 657.848, 375.043
1, 657.848, 375.043
1, 659.03015, 373.861
1, 659.03, 373.861
0, 666.455, 366.435
1, 666.455, 366.435
1, 667.017, 365.873
0, 667.351, 365.54
1, 667.351, 365.54
1, 668.4621, 364.42798
1, 668.46204, 364.428
0, 668.962, 363.928
1, 668.962, 363.928
1, 670.08844, 362.803
1, 670.464, 362.428
0, 670.907, 361.982
1, 670.907, 361.982
1, 672.1587, 360.73175
1, 672.576, 360.315
0, 672.909, 359.982
1, 672.909, 359.982
1, 674.0201, 358.87103
1, 674.02, 358.871
0, 674.521, 358.37
1, 674.521, 358.37
1, 675.532, 357.36
0, 653.176, 380.825
1, 653.176, 380.825
1, 653.23505, 380.768
0, 653.678, 380.323
1, 653.678, 380.323
1, 654.9282, 379.07275
1, 655.345, 378.656
0, 655.68, 378.322
1, 655.68, 378.322
1, 656.7911, 377.21103
1, 656.791, 377.211
0, 657.29, 376.711
1, 657.29, 376.711
1, 658.41644, 375.586
1, 658.792, 375.211
0, 659.236, 374.766
1, 659.236, 374.766
1, 660.26605, 373.735
0, 666.141, 367.862
1, 666.141, 367.862
1, 666.461, 367.539
0, 666.794, 367.207
1, 666.794, 367.207
1, 667.90607, 366.09604
1, 667.906, 366.096
0, 668.406, 365.595
1, 668.406, 365.595
1, 669.5325, 364.47
1, 669.908, 364.095
0, 670.352, 363.649
1, 670.352, 363.649
1, 671.60223, 362.39874
1, 672.019, 361.982
0, 672.354, 361.649
1, 672.354, 361.649
1, 673.4651, 360.53802
1, 673.465, 360.538
0, 673.965, 360.037
1, 673.965, 360.037
1, 675.09, 358.91125
1, 675.465, 358.53598
0, 654.078, 381.035
1, 654.078, 381.035
1, 654.789, 380.323
0, 655.124, 379.99
1, 655.124, 379.99
1, 656.2351, 378.87903
1, 656.23505, 378.879
0, 656.734, 378.378
1, 656.734, 378.378
1, 657.8605, 377.253
1, 658.236, 376.878
0, 658.681, 376.433
1, 658.681, 376.433
1, 659.932, 375.18277
1, 660.34906, 374.76602
0, 660.682, 374.433
1, 660.682, 374.433
1, 661.7931, 373.32205
1, 661.793, 373.32202
0, 665.481, 369.631
1, 665.481, 369.631
1, 665.905, 369.209
0, 666.238, 368.874
1, 666.238, 368.874
1, 667.35004, 367.76196
1, 667.35, 367.762
0, 667.851, 367.262
1, 667.851, 367.262
1, 668.97675, 366.137
1, 669.352, 365.762
0, 669.796, 365.317
1, 669.796, 365.317
1, 671.04626, 364.06674
1, 671.463, 363.65
0, 671.798, 363.316
1, 671.798, 363.316
1, 672.90906, 362.20505
1, 672.909, 362.20502
0, 673.409, 361.705
1, 673.409, 361.705
1, 674.534, 360.58
1, 674.909, 360.205
0, 675.354, 359.759
1, 675.354, 359.759
1, 675.879, 359.234
0, 655.02, 381.206
1, 655.02, 381.206
1, 655.68, 380.546
0, 656.179, 380.045
1, 656.179, 380.045
1, 657.30475, 378.92
1, 657.68, 378.545
0, 658.125, 378.101
1, 658.125, 378.101
1, 659.376, 376.85004
1, 659.793, 376.433
0, 660.126, 376.1
1, 660.126, 376.1
1, 661.23706, 374.98904
1, 661.237, 374.989
0, 661.737, 374.488
1, 661.737, 374.488
1, 662.862, 373.36227
1, 663.237, 372.987
0, 663.683, 372.543
1, 663.683, 372.543
1, 664.9332, 371.29276
1, 665.35, 370.876
0, 665.683, 370.541
1, 665.683, 370.541
1, 666.79407, 369.43002
1, 666.794, 369.43
0, 667.295, 368.931
1, 667.295, 368.931
1, 668.4207, 367.80527
1, 668.79596, 367.43
0, 669.24, 366.984
1, 669.24, 366.984
1, 670.49023, 365.73376
1, 670.907, 365.31702
0, 671.242, 364.984
1, 671.242, 364.984
1, 672.3531, 363.87195
1, 672.353, 363.872
0, 672.854, 363.372
1, 672.854, 363.372
1, 673.979, 362.247
1, 674.354, 361.872
0, 674.799, 361.427
1, 674.799, 361.427
1, 675.99896, 360.22607
1, 675.999, 360.226
0, 656.002, 381.335
1, 656.002, 381.335
1, 657.1241, 380.21295
1, 657.124, 380.21298
0, 657.568, 379.768
1, 657.568, 379.768
1, 658.819, 378.51776
1, 659.236, 378.101
0, 659.57, 377.767
1, 659.57, 377.767
1, 660.6811, 376.65604
1, 660.681, 376.656
0, 661.182, 376.155
1, 661.182, 376.155
1, 662.307, 375.03
1, 662.682, 374.655
0, 663.127, 374.21
1, 663.127, 374.21
1, 664.37726, 372.95975
1, 664.794, 372.543
0, 665.127, 372.21
1, 665.127, 372.21
1, 666.2381, 371.09695
1, 666.23804, 371.097
0, 666.739, 370.598
1, 666.739, 370.598
1, 667.86475, 369.47226
1, 668.24, 369.097
0, 668.685, 368.651
1, 668.685, 368.651
1, 669.93524, 367.40076
1, 670.352, 366.984
0, 670.686, 366.651
1, 670.686, 366.651
1, 671.79803, 365.54004
1, 671.798, 365.54
0, 672.298, 365.039
1, 672.298, 365.039
1, 673.423, 363.914
1, 673.798, 363.539
0, 674.243, 363.094
1, 674.243, 363.094
1, 675.4932, 361.84375
1, 675.91, 361.427
0, 657.024, 381.424
1, 657.024, 381.424
1, 658.266, 380.182
1, 658.68, 379.768
0, 659.014, 379.435
1, 659.014, 379.435
1, 660.12604, 378.32294
1, 660.126, 378.323
0, 660.626, 377.822
1, 660.626, 377.822
1, 661.751, 376.697
1, 662.126, 376.322
0, 662.571, 375.877
1, 662.571, 375.877
1, 663.8212, 374.62677
1, 664.238, 374.21002
0, 664.571, 373.877
1, 664.571, 373.877
1, 665.68207, 372.76605
1, 665.682, 372.76602
0, 666.184, 372.265
1, 666.184, 372.265
1, 667.30975, 371.13928
1, 667.685, 370.764
0, 668.129, 370.32
1, 668.129, 370.32
1, 669.3793, 369.06903
1, 669.796, 368.652
0, 670.13, 368.318
1, 670.13, 368.318
1, 671.24207, 367.20703
1, 671.242, 367.207
0, 671.74, 366.706
1, 671.74, 366.706
1, 672.86646, 365.581
1, 673.242, 365.206
0, 673.688, 364.761
1, 673.688, 364.761
1, 674.93823, 363.51074
1, 675.355, 363.094
0, 675.688, 362.761
1, 675.688, 362.761
1, 676.127, 362.322
0, 658.092, 381.469
1, 658.092, 381.469
1, 658.125, 381.435
0, 658.458, 381.102
1, 658.458, 381.102
1, 659.57007, 379.99103
1, 659.57, 379.991
0, 660.07, 379.489
1, 660.07, 379.489
1, 661.195, 378.364
1, 661.57, 377.989
0, 662.016, 377.545
1, 662.016, 377.545
1, 663.26624, 376.29404
1, 663.683, 375.877
0, 664.016, 375.544
1, 664.016, 375.544
1, 665.1271, 374.43304
1, 665.127, 374.433
0, 665.628, 373.932
1, 665.628, 373.932
1, 666.7537, 372.80627
1, 667.12897, 372.431
0, 667.572, 371.987
1, 667.572, 371.987
1, 668.823, 370.73676
1, 669.24005, 370.32
0, 669.574, 369.985
1, 669.574, 369.985
1, 670.68506, 368.87402
1, 670.685, 368.874
0, 671.185, 368.374
1, 671.185, 368.374
1, 672.31146, 367.249
1, 672.687, 366.874
0, 673.132, 366.428
1, 673.132, 366.428
1, 674.38226, 365.17776
1, 674.799, 364.76102
0, 675.132, 364.428
1, 675.132, 364.428
1, 676.133, 363.428
0, 659.515, 381.156
1, 659.515, 381.156
1, 660.64, 380.03174
1, 661.015, 379.657
0, 661.46, 379.212
1, 661.46, 379.212
1, 662.71027, 377.96176
1, 663.127, 377.545
0, 663.46, 377.211
1, 663.46, 377.211
1, 664.5711, 376.10004
1, 664.57104, 376.1
0, 665.072, 375.6
1, 665.072, 375.6
1, 666.19775, 374.47427
1, 666.573, 374.099
0, 667.017, 373.654
1, 667.017, 373.654
1, 668.268, 372.40375
1, 668.68506, 371.987
0, 669.018, 371.654
1, 669.018, 371.654
1, 670.13007, 370.54095
1, 670.13, 370.541
0, 670.629, 370.042
1, 670.629, 370.042
1, 671.7555, 368.91626
1, 672.13104, 368.541
0, 672.576, 368.096
1, 672.576, 368.096
1, 673.82623, 366.84576
1, 674.243, 366.42902
0, 674.576, 366.095
1, 674.576, 366.095
1, 675.6871, 364.98404
1, 675.687, 364.984
0, 660.368, 381.415
1, 660.368, 381.415
1, 660.459, 381.324
0, 660.904, 380.879
1, 660.904, 380.879
1, 662.15424, 379.62875
1, 662.571, 379.212
0, 662.904, 378.879
1, 662.904, 378.879
1, 664.0151, 377.76697
1, 664.015, 377.767
0, 664.517, 377.267
1, 664.517, 377.267
1, 665.6413, 376.142
1, 666.01605, 375.767
0, 666.461, 375.321
1, 666.461, 375.321
1, 667.712, 374.07077
1, 668.129, 373.65402
0, 668.462, 373.321
1, 668.462, 373.321
1, 669.57404, 372.21005
1, 669.574, 372.21002
0, 670.073, 371.709
1, 670.073, 371.709
1, 671.19946, 370.58328
1, 671.575, 370.208
0, 672.019, 369.764
1, 672.019, 369.764
1, 673.2707, 368.51303
1, 673.688, 368.096
0, 674.021, 367.762
1, 674.021, 367.762
1, 675.1321, 366.65103
1, 675.132, 366.651
0, 675.633, 366.15
1, 675.633, 366.15
1, 676.01, 365.77298
0, 661.597, 381.298
1, 661.597, 381.298
1, 662.016, 380.879
0, 662.349, 380.546
1, 662.349, 380.546
1, 663.4601, 379.43503
1, 663.46, 379.435
0, 663.961, 378.934
1, 663.961, 378.934
1, 665.08527, 377.809
1, 665.46, 377.434
0, 665.905, 376.988
1, 665.905, 376.988
1, 667.1553, 375.73776
1, 667.572, 375.321
0, 667.906, 374.988
1, 667.906, 374.988
1, 669.0171, 373.87704
1, 669.017, 373.877
0, 669.518, 373.376
1, 669.518, 373.376
1, 670.6445, 372.25027
1, 671.02, 371.875
0, 671.463, 371.432
1, 671.463, 371.432
1, 672.7147, 370.18176
1, 673.132, 369.765
0, 673.465, 369.43
1, 673.465, 369.43
1, 674.5761, 368.31793
1, 674.57605, 368.318
0, 675.076, 367.817
1, 675.076, 367.817
1, 675.856, 367.037
0, 663.404, 380.601
1, 663.404, 380.601
1, 664.529, 379.47675
1, 664.904, 379.10202
0, 665.35, 378.656
1, 665.35, 378.656
1, 666.6002, 377.40503
1, 667.01697, 376.988
0, 667.351, 376.655
1, 667.351, 376.655
1, 668.4621, 375.54404
1, 668.46204, 375.544
0, 668.962, 375.043
1, 668.962, 375.043
1, 670.08844, 373.91727
1, 670.464, 373.542
0, 670.907, 373.099
1, 670.907, 373.099
1, 672.1587, 371.84875
1, 672.576, 371.432
0, 672.909, 371.097
1, 672.909, 371.097
1, 674.0201, 369.98602
1, 674.02, 369.986
0, 674.521, 369.486
1, 674.521, 369.486
1, 675.61304, 368.39297
1, 675.613, 368.393
0, 664.794, 380.323
1, 664.794, 380.323
1, 666.04425, 379.07275
1, 666.461, 378.656
0, 666.794, 378.322
1, 666.794, 378.322
1, 667.90607, 377.21103
1, 667.906, 377.211
0, 668.406, 376.711
1, 668.406, 376.711
1, 669.5325, 375.586
1, 669.908, 375.211
0, 670.352, 374.766
1, 670.352, 374.766
1, 671.60223, 373.51575
1, 672.019, 373.099
0, 672.354, 372.766
1, 672.354, 372.766
1, 673.4651, 371.65393
1, 673.465, 371.654
0, 673.965, 371.153
1, 673.965, 371.153
1, 675.24097, 369.878
1, 675.241, 369.87802
0, 666.238, 379.99
1, 666.238, 379.99
1, 667.35004, 378.87903
1, 667.35, 378.879
0, 667.851, 378.378
1, 667.851, 378.378
1, 668.97675, 377.253
1, 669.352, 376.878
0, 669.796, 376.433
1, 669.796, 376.433
1, 671.04626, 375.18277
1, 671.463, 374.76602
0, 671.798, 374.433
1, 671.798, 374.433
1, 672.90906, 373.32205
1, 672.909, 373.32202
0, 673.409, 372.821
1, 673.409, 372.821
1, 674.649, 371.57904
1, 674.649, 371.579
0, 668.179, 379.162
1, 668.179, 379.162
1, 668.796, 378.54498
0, 669.24, 378.101
1, 669.24, 378.101
1, 670.49023, 376.85004
1, 670.907, 376.433
0, 671.242, 376.1
1, 671.242, 376.1
1, 672.3531, 374.98904
1, 672.353, 374.989
0, 672.854, 374.488
1, 672.854, 374.488
1, 673.567, 373.77402
0, 573.601, 367.174
1, 573.601, 367.174
1, 575.1223, 367.174
1, 576.64355, 367.174
1, 578.1648, 367.174
1, 579.68604, 367.174
1, 581.2073, 367.174
1, 582.7285, 367.174
1, 582.6548, 367.88977
1, 582.495, 368.98102
1, 582.2605, 370.1245
1, 581.933, 371.30823
1, 581.53406, 372.43597
1, 581.05524, 373.50525
1, 580.5034, 374.516
1, 579.8239, 375.54297
1, 579.1155, 376.43427
1, 578.2693, 377.3313
1, 577.411, 378.10098
1, 576.4995, 378.79126
1, 575.46326, 379.44675
1, 574.448, 379.975
1, 573.30054, 380.453
1, 572.1835, 380.81555
1, 571.016, 381.09998
1, 569.895, 381.29
1, 568.73, 381.415
1, 567.524, 381.47
1, 566.301, 381.458
1, 565.176, 381.38626
1, 563.984, 381.239
1, 562.73706, 380.99695
1, 561.6472, 380.697
1, 560.509, 380.28802
1, 559.43024, 379.79425
1, 558.40796, 379.21347
1, 557.4425, 378.54648
1, 556.53577, 377.79453
1, 555.68335, 376.956
1, 554.95654, 376.114
1, 554.233, 375.13202
1, 553.63574, 374.17224
1, 553.0555, 373.0625
1, 552.5869, 371.989
1, 552.18555, 370.85876
1, 551.8737, 369.78302
1, 551.58905, 368.54797
1, 551.3885, 367.37646
1, 551.236, 366.16003
1, 551.153, 365.152
1, 551.09875, 363.8515
1, 551.09503, 362.521
1, 551.12854, 361.474
1, 551.20447, 360.32776
1, 551.34296, 359.1
1, 551.513, 358.034
1, 551.78094, 356.78275
1, 552.078, 355.69073
1, 552.4681, 354.543
1, 552.9216, 353.45123
1, 553.44147, 352.41254
1, 554.0235, 351.4295
1, 554.733, 350.42
1, 555.45, 349.551
1, 556.298, 348.677
1, 557.20215, 347.88797
1, 558.1661, 347.187
1, 559.1859, 346.56897
1, 560.26294, 346.04
1, 561.3981, 345.59497
1, 562.4925, 345.2645
1, 563.63293, 345.0055
1, 564.712, 344.832
1, 565.9458, 344.70953
1, 567.1083, 344.6625
1, 568.29, 344.672
1, 569.491, 344.746
1, 570.646, 344.879
1, 571.84326, 345.0965
1, 572.986, 345.38602
1, 574.1561, 345.777
1, 575.18774, 346.21976
1, 576.236, 346.77527
1, 577.2197, 347.4155
1, 578.20593, 348.19507
1, 578.9908, 348.94324
1, 579.806, 349.87598
1, 580.47656, 350.81598
1, 581.064, 351.823
1, 581.56396, 352.896
1, 581.979, 354.033
1, 582.28876, 355.1515
1, 582.52405, 356.326
1, 582.6858, 357.55823
1, 581.71484, 358.046
1, 580.1936, 358.046
1, 578.67236, 358.046
1, 577.1511, 358.046
1, 575.6299, 358.046
1, 574.10864, 358.046
1, 573.601, 358.046
1, 573.36926, 356.904
1, 572.9595, 355.76147
1, 572.375, 354.759
1, 571.578, 353.891
1, 570.585, 353.21997
1, 569.495, 352.802
1, 568.3345, 352.601
1, 567.13574, 352.58325
1, 565.9647, 352.74902
1, 564.8302, 353.13922
1, 563.8385, 353.75098
1, 562.9892, 354.58502
1, 562.3069, 355.59302
1, 561.8125, 356.65152
1, 561.44904, 357.75098
1, 561.17065, 358.9817
1, 560.987, 360.19904
1, 560.8821, 361.36993
1, 560.829, 362.62494
1, 560.827, 363.74277
1, 560.8747, 364.91724
1, 560.99207, 366.155
1, 561.155, 367.179
1, 561.43494, 368.356
1, 561.798, 369.423
1, 562.32306, 370.51202
1, 562.9863, 371.48596
1, 563.791, 372.303
1, 564.789, 372.95776
1, 565.8767, 373.3645
1, 567.09174, 373.55
1, 568.26843, 373.52774
1, 569.431, 373.29797
1, 570.4875, 372.839
1, 571.4298, 372.12927
1, 572.19824, 371.21127
1, 572.769, 370.181
1, 573.204, 369.00696
1, 573.467, 367.945
1, 573.601, 367.174
0, 555.165, 352.117
1, 555.165, 352.117
1, 556.5539, 350.72797
1, 556.55396, 350.728
0, 560.724, 346.559
1, 560.724, 346.559
1, 561.827, 345.455
1, 561.827, 345.455
0, 555.165, 363.233
1, 555.165, 363.233
1, 556.5539, 361.84396
1, 556.55396, 361.844
0, 560.724, 357.675
1, 560.724, 357.675
1, 561.85486, 356.544
1, 561.855, 356.54398
0, 566.281, 352.117
1, 566.281, 352.117
1, 567.6699, 350.72797
1, 567.67, 350.728
0, 571.838, 346.559
1, 571.838, 346.559
1, 573.006, 345.392
1, 573.00604, 345.392
0, 555.165, 374.348
1, 555.165, 374.348
1, 556.5539, 372.95895
1, 556.55396, 372.95898
0, 560.724, 368.791
1, 560.724, 368.791
1, 561.374, 368.13998
0, 573.189, 356.325
1, 573.189, 356.325
1, 573.228, 356.285
0, 577.396, 352.117
1, 577.396, 352.117
1, 578.7871, 350.72797
1, 578.787, 350.728
0, 560.724, 379.907
1, 560.724, 379.907
1, 562.11194, 378.517
1, 562.112, 378.517
0, 566.281, 374.348
1, 566.281, 374.348
1, 567.081, 373.548
0, 571.838, 379.907
1, 571.838, 379.907
1, 573.2291, 378.517
1, 573.229, 378.517
0, 577.396, 374.348
1, 577.396, 374.348
1, 578.7871, 372.95895
1, 578.787, 372.95898
0, 562.111, 379.907
1, 562.111, 379.907
1, 560.7231, 378.517
1, 560.723, 378.517
0, 556.554, 374.348
1, 556.554, 374.348
1, 555.1651, 372.95895
1, 555.16504, 372.95898
0, 573.229, 379.907
1, 573.229, 379.907
1, 571.8379, 378.517
1, 571.838, 378.517
0, 567.67, 374.348
1, 567.67, 374.348
1, 566.852, 373.531
0, 561.344, 368.023
1, 561.344, 368.023
1, 560.724, 367.401
0, 556.554, 363.233
1, 556.554, 363.233
1, 555.1651, 361.84396
1, 555.16504, 361.844
0, 578.786, 374.348
1, 578.786, 374.348
1, 577.3949, 372.95895
1, 577.395, 372.95898
0, 561.62, 357.184
1, 561.62, 357.184
1, 560.724, 356.28598
0, 556.554, 352.117
1, 556.554, 352.117
1, 555.1651, 350.72797
1, 555.16504, 350.728
0, 567.67, 352.117
1, 567.67, 352.117
1, 566.28107, 350.72797
1, 566.281, 350.728
0, 562.111, 346.559
1, 562.111, 346.559
1, 561.215, 345.663
0, 578.786, 352.117
1, 578.786, 352.117
1, 577.3949, 350.72797
1, 577.395, 350.728
0, 573.229, 346.559
1, 573.229, 346.559
1, 571.8379, 345.16995
1, 571.838, 345.16998
